solid STL generated by MeshLab
  facet normal  0.000000e+00 -0.000000e+00 -1.000000e+00
    outer loop
      vertex   1.105295e-04  1.346751e-03  0.000000e+00
      vertex   3.743578e-04 -1.298325e-03  0.000000e+00
      vertex   0.000000e+00  0.000000e+00  0.000000e+00
    endloop
  endfacet
  facet normal  0.000000e+00  0.000000e+00 -1.000000e+00
    outer loop
      vertex   7.107769e-04  2.703147e-03  0.000000e+00
      vertex   3.743578e-04 -1.298325e-03  0.000000e+00
      vertex   1.105295e-04  1.346751e-03  0.000000e+00
    endloop
  endfacet
  facet normal  0.000000e+00 -0.000000e+00 -1.000000e+00
    outer loop
      vertex   7.107769e-04  2.703147e-03  0.000000e+00
      vertex   1.226780e-03 -2.510386e-03  0.000000e+00
      vertex   3.743578e-04 -1.298325e-03  0.000000e+00
    endloop
  endfacet
  facet normal  0.000000e+00  0.000000e+00 -1.000000e+00
    outer loop
      vertex   1.799907e-03  4.064965e-03  0.000000e+00
      vertex   1.226780e-03 -2.510386e-03  0.000000e+00
      vertex   7.107769e-04  2.703147e-03  0.000000e+00
    endloop
  endfacet
  facet normal  0.000000e+00 -0.000000e+00 -1.000000e+00
    outer loop
      vertex   1.799907e-03  4.064965e-03  0.000000e+00
      vertex   2.552132e-03 -3.634777e-03  0.000000e+00
      vertex   1.226780e-03 -2.510386e-03  0.000000e+00
    endloop
  endfacet
  facet normal  0.000000e+00  0.000000e+00 -1.000000e+00
    outer loop
      vertex   3.375040e-03  5.426061e-03  0.000000e+00
      vertex   2.552132e-03 -3.634777e-03  0.000000e+00
      vertex   1.799907e-03  4.064965e-03  0.000000e+00
    endloop
  endfacet
  facet normal  0.000000e+00 -0.000000e+00 -1.000000e+00
    outer loop
      vertex   3.375040e-03  5.426061e-03  0.000000e+00
      vertex   4.343372e-03 -4.669997e-03  0.000000e+00
      vertex   2.552132e-03 -3.634777e-03  0.000000e+00
    endloop
  endfacet
  facet normal  0.000000e+00  0.000000e+00 -1.000000e+00
    outer loop
      vertex   5.431228e-03  6.778537e-03  0.000000e+00
      vertex   4.343372e-03 -4.669997e-03  0.000000e+00
      vertex   3.375040e-03  5.426061e-03  0.000000e+00
    endloop
  endfacet
  facet normal  0.000000e+00 -0.000000e+00 -1.000000e+00
    outer loop
      vertex   5.431228e-03  6.778537e-03  0.000000e+00
      vertex   6.591616e-03 -5.614534e-03  0.000000e+00
      vertex   4.343372e-03 -4.669997e-03  0.000000e+00
    endloop
  endfacet
  facet normal  0.000000e+00  0.000000e+00 -1.000000e+00
    outer loop
      vertex   7.961422e-03  8.112964e-03  0.000000e+00
      vertex   6.591616e-03 -5.614534e-03  0.000000e+00
      vertex   5.431228e-03  6.778537e-03  0.000000e+00
    endloop
  endfacet
  facet normal  0.000000e+00 -0.000000e+00 -1.000000e+00
    outer loop
      vertex   7.961422e-03  8.112964e-03  0.000000e+00
      vertex   9.286223e-03 -6.466982e-03  0.000000e+00
      vertex   6.591616e-03 -5.614534e-03  0.000000e+00
    endloop
  endfacet
  facet normal  0.000000e+00  0.000000e+00 -1.000000e+00
    outer loop
      vertex   1.095645e-02  9.418662e-03  0.000000e+00
      vertex   9.286223e-03 -6.466982e-03  0.000000e+00
      vertex   7.961422e-03  8.112964e-03  0.000000e+00
    endloop
  endfacet
  facet normal  0.000000e+00 -0.000000e+00 -1.000000e+00
    outer loop
      vertex   1.095645e-02  9.418662e-03  0.000000e+00
      vertex   1.241489e-02 -7.226183e-03  0.000000e+00
      vertex   9.286223e-03 -6.466982e-03  0.000000e+00
    endloop
  endfacet
  facet normal  0.000000e+00  0.000000e+00 -1.000000e+00
    outer loop
      vertex   1.440502e-02  1.068401e-02  0.000000e+00
      vertex   1.241489e-02 -7.226183e-03  0.000000e+00
      vertex   1.095645e-02  9.418662e-03  0.000000e+00
    endloop
  endfacet
  facet normal  0.000000e+00 -0.000000e+00 -1.000000e+00
    outer loop
      vertex   1.440502e-02  1.068401e-02  0.000000e+00
      vertex   1.596377e-02 -7.891375e-03  0.000000e+00
      vertex   1.241489e-02 -7.226183e-03  0.000000e+00
    endloop
  endfacet
  facet normal  0.000000e+00  0.000000e+00 -1.000000e+00
    outer loop
      vertex   1.829367e-02  1.189679e-02  0.000000e+00
      vertex   1.596377e-02 -7.891375e-03  0.000000e+00
      vertex   1.440502e-02  1.068401e-02  0.000000e+00
    endloop
  endfacet
  facet normal  0.000000e+00 -0.000000e+00 -1.000000e+00
    outer loop
      vertex   1.829367e-02  1.189679e-02  0.000000e+00
      vertex   1.991754e-02 -8.462349e-03  0.000000e+00
      vertex   1.596377e-02 -7.891375e-03  0.000000e+00
    endloop
  endfacet
  facet normal  0.000000e+00  0.000000e+00 -1.000000e+00
    outer loop
      vertex   2.260685e-02  1.304454e-02  0.000000e+00
      vertex   1.991754e-02 -8.462349e-03  0.000000e+00
      vertex   1.829367e-02  1.189679e-02  0.000000e+00
    endloop
  endfacet
  facet normal  0.000000e+00 -0.000000e+00 -1.000000e+00
    outer loop
      vertex   2.260685e-02  1.304454e-02  0.000000e+00
      vertex   2.425954e-02 -8.939596e-03  0.000000e+00
      vertex   1.991754e-02 -8.462349e-03  0.000000e+00
    endloop
  endfacet
  facet normal  0.000000e+00  0.000000e+00 -1.000000e+00
    outer loop
      vertex   2.732688e-02  1.411492e-02  0.000000e+00
      vertex   2.425954e-02 -8.939596e-03  0.000000e+00
      vertex   2.260685e-02  1.304454e-02  0.000000e+00
    endloop
  endfacet
  facet normal  0.000000e+00 -0.000000e+00 -1.000000e+00
    outer loop
      vertex   2.732688e-02  1.411492e-02  0.000000e+00
      vertex   2.897187e-02 -9.324437e-03  0.000000e+00
      vertex   2.425954e-02 -8.939596e-03  0.000000e+00
    endloop
  endfacet
  facet normal  0.000000e+00  0.000000e+00 -1.000000e+00
    outer loop
      vertex   3.243408e-02  1.509602e-02  0.000000e+00
      vertex   2.897187e-02 -9.324437e-03  0.000000e+00
      vertex   2.732688e-02  1.411492e-02  0.000000e+00
    endloop
  endfacet
  facet normal  0.000000e+00 -0.000000e+00 -1.000000e+00
    outer loop
      vertex   3.243408e-02  1.509602e-02  0.000000e+00
      vertex   3.403547e-02 -9.619135e-03  0.000000e+00
      vertex   2.897187e-02 -9.324437e-03  0.000000e+00
    endloop
  endfacet
  facet normal  0.000000e+00  0.000000e+00 -1.000000e+00
    outer loop
      vertex   3.790680e-02  1.597670e-02  0.000000e+00
      vertex   3.403547e-02 -9.619135e-03  0.000000e+00
      vertex   3.243408e-02  1.509602e-02  0.000000e+00
    endloop
  endfacet
  facet normal  0.000000e+00 -0.000000e+00 -1.000000e+00
    outer loop
      vertex   3.790680e-02  1.597670e-02  0.000000e+00
      vertex   3.943019e-02 -9.826957e-03  0.000000e+00
      vertex   3.403547e-02 -9.619135e-03  0.000000e+00
    endloop
  endfacet
  facet normal  0.000000e+00  0.000000e+00 -1.000000e+00
    outer loop
      vertex   4.372153e-02  1.674690e-02  0.000000e+00
      vertex   3.943019e-02 -9.826957e-03  0.000000e+00
      vertex   3.790680e-02  1.597670e-02  0.000000e+00
    endloop
  endfacet
  facet normal  0.000000e+00 -0.000000e+00 -1.000000e+00
    outer loop
      vertex   4.372153e-02  1.674690e-02  0.000000e+00
      vertex   4.513488e-02 -9.952217e-03  0.000000e+00
      vertex   3.943019e-02 -9.826957e-03  0.000000e+00
    endloop
  endfacet
  facet normal  0.000000e+00  0.000000e+00 -1.000000e+00
    outer loop
      vertex   4.985303e-02  1.739781e-02  0.000000e+00
      vertex   4.513488e-02 -9.952217e-03  0.000000e+00
      vertex   4.372153e-02  1.674690e-02  0.000000e+00
    endloop
  endfacet
  facet normal  0.000000e+00 -0.000000e+00 -1.000000e+00
    outer loop
      vertex   4.985303e-02  1.739781e-02  0.000000e+00
      vertex   5.112744e-02 -1.000026e-02  0.000000e+00
      vertex   4.513488e-02 -9.952217e-03  0.000000e+00
    endloop
  endfacet
  facet normal  0.000000e+00 -0.000000e+00 -1.000000e+00
    outer loop
      vertex   5.627449e-02  1.792213e-02  0.000000e+00
      vertex   5.738486e-02 -9.977391e-03  0.000000e+00
      vertex   5.112744e-02 -1.000026e-02  0.000000e+00
    endloop
  endfacet
  facet normal  0.000000e+00  0.000000e+00 -1.000000e+00
    outer loop
      vertex   5.627449e-02  1.792213e-02  0.000000e+00
      vertex   5.112744e-02 -1.000026e-02  0.000000e+00
      vertex   4.985303e-02  1.739781e-02  0.000000e+00
    endloop
  endfacet
  facet normal  0.000000e+00 -0.000000e+00 -1.000000e+00
    outer loop
      vertex   6.295768e-02  1.831415e-02  0.000000e+00
      vertex   6.388329e-02 -9.890814e-03  0.000000e+00
      vertex   5.738486e-02 -9.977391e-03  0.000000e+00
    endloop
  endfacet
  facet normal  0.000000e+00  0.000000e+00 -1.000000e+00
    outer loop
      vertex   6.295768e-02  1.831415e-02  0.000000e+00
      vertex   5.738486e-02 -9.977391e-03  0.000000e+00
      vertex   5.627449e-02  1.792213e-02  0.000000e+00
    endloop
  endfacet
  facet normal  0.000000e+00 -0.000000e+00 -1.000000e+00
    outer loop
      vertex   6.987312e-02  1.856990e-02  0.000000e+00
      vertex   7.059801e-02 -9.748454e-03  0.000000e+00
      vertex   6.388329e-02 -9.890814e-03  0.000000e+00
    endloop
  endfacet
  facet normal  0.000000e+00  0.000000e+00 -1.000000e+00
    outer loop
      vertex   6.987312e-02  1.856990e-02  0.000000e+00
      vertex   7.750355e-02 -9.558799e-03  0.000000e+00
      vertex   7.059801e-02 -9.748454e-03  0.000000e+00
    endloop
  endfacet
  facet normal  0.000000e+00  0.000000e+00 -1.000000e+00
    outer loop
      vertex   6.987312e-02  1.856990e-02  0.000000e+00
      vertex   6.388329e-02 -9.890814e-03  0.000000e+00
      vertex   6.295768e-02  1.831415e-02  0.000000e+00
    endloop
  endfacet
  facet normal  0.000000e+00  0.000000e+00 -1.000000e+00
    outer loop
      vertex   7.699030e-02  1.868712e-02  0.000000e+00
      vertex   8.457365e-02 -9.330699e-03  0.000000e+00
      vertex   7.750355e-02 -9.558799e-03  0.000000e+00
    endloop
  endfacet
  facet normal  0.000000e+00 -0.000000e+00 -1.000000e+00
    outer loop
      vertex   7.699030e-02  1.868712e-02  0.000000e+00
      vertex   7.750355e-02 -9.558799e-03  0.000000e+00
      vertex   6.987312e-02  1.856990e-02  0.000000e+00
    endloop
  endfacet
  facet normal  0.000000e+00  0.000000e+00 -1.000000e+00
    outer loop
      vertex   8.427784e-02  1.866531e-02  0.000000e+00
      vertex   9.178135e-02 -9.073143e-03  0.000000e+00
      vertex   8.457365e-02 -9.330699e-03  0.000000e+00
    endloop
  endfacet
  facet normal -0.000000e+00 -0.000000e+00 -1.000000e+00
    outer loop
      vertex   8.427784e-02  1.866531e-02  0.000000e+00
      vertex   8.457365e-02 -9.330699e-03  0.000000e+00
      vertex   7.699030e-02  1.868712e-02  0.000000e+00
    endloop
  endfacet
  facet normal -0.000000e+00 -0.000000e+00 -1.000000e+00
    outer loop
      vertex   9.170371e-02  1.850566e-02  0.000000e+00
      vertex   9.178135e-02 -9.073143e-03  0.000000e+00
      vertex   8.427784e-02  1.866531e-02  0.000000e+00
    endloop
  endfacet
  facet normal  0.000000e+00  0.000000e+00 -1.000000e+00
    outer loop
      vertex   9.919752e-02  1.821779e-02  0.000000e+00
      vertex   9.913691e-02 -8.788491e-03  0.000000e+00
      vertex   9.178135e-02 -9.073143e-03  0.000000e+00
    endloop
  endfacet
  facet normal  0.000000e+00 -0.000000e+00 -1.000000e+00
    outer loop
      vertex   9.919752e-02  1.821779e-02  0.000000e+00
      vertex   1.065933e-01 -8.461582e-03  0.000000e+00
      vertex   9.913691e-02 -8.788491e-03  0.000000e+00
    endloop
  endfacet
  facet normal -0.000000e+00  0.000000e+00 -1.000000e+00
    outer loop
      vertex   9.919752e-02  1.821779e-02  0.000000e+00
      vertex   9.178135e-02 -9.073143e-03  0.000000e+00
      vertex   9.170371e-02  1.850566e-02  0.000000e+00
    endloop
  endfacet
  facet normal -0.000000e+00  0.000000e+00 -1.000000e+00
    outer loop
      vertex   1.067452e-01  1.783071e-02  0.000000e+00
      vertex   1.065933e-01 -8.461582e-03  0.000000e+00
      vertex   9.919752e-02  1.821779e-02  0.000000e+00
    endloop
  endfacet
  facet normal  0.000000e+00 -0.000000e+00 -1.000000e+00
    outer loop
      vertex   1.067452e-01  1.783071e-02  0.000000e+00
      vertex   1.140992e-01 -8.097749e-03  0.000000e+00
      vertex   1.065933e-01 -8.461582e-03  0.000000e+00
    endloop
  endfacet
  facet normal  0.000000e+00 -0.000000e+00 -1.000000e+00
    outer loop
      vertex   1.143366e-01  1.735284e-02  0.000000e+00
      vertex   1.216242e-01 -7.704166e-03  0.000000e+00
      vertex   1.140992e-01 -8.097749e-03  0.000000e+00
    endloop
  endfacet
  facet normal -0.000000e+00  0.000000e+00 -1.000000e+00
    outer loop
      vertex   1.143366e-01  1.735284e-02  0.000000e+00
      vertex   1.140992e-01 -8.097749e-03  0.000000e+00
      vertex   1.067452e-01  1.783071e-02  0.000000e+00
    endloop
  endfacet
  facet normal -0.000000e+00  0.000000e+00 -1.000000e+00
    outer loop
      vertex   1.219400e-01  1.679116e-02  0.000000e+00
      vertex   1.216242e-01 -7.704166e-03  0.000000e+00
      vertex   1.143366e-01  1.735284e-02  0.000000e+00
    endloop
  endfacet
  facet normal  0.000000e+00 -0.000000e+00 -1.000000e+00
    outer loop
      vertex   1.219400e-01  1.679116e-02  0.000000e+00
      vertex   1.291380e-01 -7.287676e-03  0.000000e+00
      vertex   1.216242e-01 -7.704166e-03  0.000000e+00
    endloop
  endfacet
  facet normal -0.000000e+00  0.000000e+00 -1.000000e+00
    outer loop
      vertex   1.295235e-01  1.615322e-02  0.000000e+00
      vertex   1.291380e-01 -7.287676e-03  0.000000e+00
      vertex   1.219400e-01  1.679116e-02  0.000000e+00
    endloop
  endfacet
  facet normal  0.000000e+00 -0.000000e+00 -1.000000e+00
    outer loop
      vertex   1.295235e-01  1.615322e-02  0.000000e+00
      vertex   1.366100e-01 -6.854672e-03  0.000000e+00
      vertex   1.291380e-01 -7.287676e-03  0.000000e+00
    endloop
  endfacet
  facet normal -0.000000e+00  0.000000e+00 -1.000000e+00
    outer loop
      vertex   1.370556e-01  1.544696e-02  0.000000e+00
      vertex   1.366100e-01 -6.854672e-03  0.000000e+00
      vertex   1.295235e-01  1.615322e-02  0.000000e+00
    endloop
  endfacet
  facet normal  0.000000e+00 -0.000000e+00 -1.000000e+00
    outer loop
      vertex   1.370556e-01  1.544696e-02  0.000000e+00
      vertex   1.440099e-01 -6.411012e-03  0.000000e+00
      vertex   1.366100e-01 -6.854672e-03  0.000000e+00
    endloop
  endfacet
  facet normal -0.000000e+00  0.000000e+00 -1.000000e+00
    outer loop
      vertex   1.445050e-01  1.468069e-02  0.000000e+00
      vertex   1.440099e-01 -6.411012e-03  0.000000e+00
      vertex   1.370556e-01  1.544696e-02  0.000000e+00
    endloop
  endfacet
  facet normal  0.000000e+00 -0.000000e+00 -1.000000e+00
    outer loop
      vertex   1.445050e-01  1.468069e-02  0.000000e+00
      vertex   1.513074e-01 -5.961971e-03  0.000000e+00
      vertex   1.440099e-01 -6.411012e-03  0.000000e+00
    endloop
  endfacet
  facet normal -0.000000e+00  0.000000e+00 -1.000000e+00
    outer loop
      vertex   1.518411e-01  1.386294e-02  0.000000e+00
      vertex   1.513074e-01 -5.961971e-03  0.000000e+00
      vertex   1.445050e-01  1.468069e-02  0.000000e+00
    endloop
  endfacet
  facet normal  0.000000e+00 -0.000000e+00 -1.000000e+00
    outer loop
      vertex   1.518411e-01  1.386294e-02  0.000000e+00
      vertex   1.584726e-01 -5.512225e-03  0.000000e+00
      vertex   1.513074e-01 -5.961971e-03  0.000000e+00
    endloop
  endfacet
  facet normal -0.000000e+00  0.000000e+00 -1.000000e+00
    outer loop
      vertex   1.590336e-01  1.300245e-02  0.000000e+00
      vertex   1.584726e-01 -5.512225e-03  0.000000e+00
      vertex   1.518411e-01  1.386294e-02  0.000000e+00
    endloop
  endfacet
  facet normal  0.000000e+00 -0.000000e+00 -1.000000e+00
    outer loop
      vertex   1.590336e-01  1.300245e-02  0.000000e+00
      vertex   1.654759e-01 -5.065857e-03  0.000000e+00
      vertex   1.584726e-01 -5.512225e-03  0.000000e+00
    endloop
  endfacet
  facet normal -0.000000e+00  0.000000e+00 -1.000000e+00
    outer loop
      vertex   1.660529e-01  1.210808e-02  0.000000e+00
      vertex   1.654759e-01 -5.065857e-03  0.000000e+00
      vertex   1.590336e-01  1.300245e-02  0.000000e+00
    endloop
  endfacet
  facet normal  0.000000e+00 -0.000000e+00 -1.000000e+00
    outer loop
      vertex   1.660529e-01  1.210808e-02  0.000000e+00
      vertex   1.722885e-01 -4.626405e-03  0.000000e+00
      vertex   1.654759e-01 -5.065857e-03  0.000000e+00
    endloop
  endfacet
  facet normal -0.000000e+00  0.000000e+00 -1.000000e+00
    outer loop
      vertex   1.728706e-01  1.118880e-02  0.000000e+00
      vertex   1.722885e-01 -4.626405e-03  0.000000e+00
      vertex   1.660529e-01  1.210808e-02  0.000000e+00
    endloop
  endfacet
  facet normal  0.000000e+00 -0.000000e+00 -1.000000e+00
    outer loop
      vertex   1.728706e-01  1.118880e-02  0.000000e+00
      vertex   1.788820e-01 -4.196914e-03  0.000000e+00
      vertex   1.722885e-01 -4.626405e-03  0.000000e+00
    endloop
  endfacet
  facet normal -0.000000e+00  0.000000e+00 -1.000000e+00
    outer loop
      vertex   1.794587e-01  1.025367e-02  0.000000e+00
      vertex   1.788820e-01 -4.196914e-03  0.000000e+00
      vertex   1.728706e-01  1.118880e-02  0.000000e+00
    endloop
  endfacet
  facet normal  0.000000e+00 -0.000000e+00 -1.000000e+00
    outer loop
      vertex   1.794587e-01  1.025367e-02  0.000000e+00
      vertex   1.852290e-01 -3.780016e-03  0.000000e+00
      vertex   1.788820e-01 -4.196914e-03  0.000000e+00
    endloop
  endfacet
  facet normal -0.000000e+00  0.000000e+00 -1.000000e+00
    outer loop
      vertex   1.857906e-01  9.311829e-03  0.000000e+00
      vertex   1.852290e-01 -3.780016e-03  0.000000e+00
      vertex   1.794587e-01  1.025367e-02  0.000000e+00
    endloop
  endfacet
  facet normal  0.000000e+00 -0.000000e+00 -1.000000e+00
    outer loop
      vertex   1.857906e-01  9.311829e-03  0.000000e+00
      vertex   1.913030e-01 -3.378011e-03  0.000000e+00
      vertex   1.852290e-01 -3.780016e-03  0.000000e+00
    endloop
  endfacet
  facet normal -0.000000e+00  0.000000e+00 -1.000000e+00
    outer loop
      vertex   1.918406e-01  8.372457e-03  0.000000e+00
      vertex   1.913030e-01 -3.378011e-03  0.000000e+00
      vertex   1.857906e-01  9.311829e-03  0.000000e+00
    endloop
  endfacet
  facet normal  0.000000e+00 -0.000000e+00 -1.000000e+00
    outer loop
      vertex   1.918406e-01  8.372457e-03  0.000000e+00
      vertex   1.970786e-01 -2.992947e-03  0.000000e+00
      vertex   1.913030e-01 -3.378011e-03  0.000000e+00
    endloop
  endfacet
  facet normal -0.000000e+00  0.000000e+00 -1.000000e+00
    outer loop
      vertex   1.975844e-01  7.444767e-03  0.000000e+00
      vertex   1.970786e-01 -2.992947e-03  0.000000e+00
      vertex   1.918406e-01  8.372457e-03  0.000000e+00
    endloop
  endfacet
  facet normal  0.000000e+00 -0.000000e+00 -1.000000e+00
    outer loop
      vertex   1.975844e-01  7.444767e-03  0.000000e+00
      vertex   2.025314e-01 -2.626697e-03  0.000000e+00
      vertex   1.970786e-01 -2.992947e-03  0.000000e+00
    endloop
  endfacet
  facet normal -0.000000e+00  0.000000e+00 -1.000000e+00
    outer loop
      vertex   2.029990e-01  6.537967e-03  0.000000e+00
      vertex   2.025314e-01 -2.626697e-03  0.000000e+00
      vertex   1.975844e-01  7.444767e-03  0.000000e+00
    endloop
  endfacet
  facet normal  0.000000e+00 -0.000000e+00 -1.000000e+00
    outer loop
      vertex   2.029990e-01  6.537967e-03  0.000000e+00
      vertex   2.076385e-01 -2.281026e-03  0.000000e+00
      vertex   2.025314e-01 -2.626697e-03  0.000000e+00
    endloop
  endfacet
  facet normal -0.000000e+00  0.000000e+00 -1.000000e+00
    outer loop
      vertex   2.080627e-01  5.661213e-03  0.000000e+00
      vertex   2.076385e-01 -2.281026e-03  0.000000e+00
      vertex   2.029990e-01  6.537967e-03  0.000000e+00
    endloop
  endfacet
  facet normal  0.000000e+00 -0.000000e+00 -1.000000e+00
    outer loop
      vertex   2.080627e-01  5.661213e-03  0.000000e+00
      vertex   2.123782e-01 -1.957642e-03  0.000000e+00
      vertex   2.076385e-01 -2.281026e-03  0.000000e+00
    endloop
  endfacet
  facet normal -0.000000e+00  0.000000e+00 -1.000000e+00
    outer loop
      vertex   2.127554e-01  4.823540e-03  0.000000e+00
      vertex   2.123782e-01 -1.957642e-03  0.000000e+00
      vertex   2.080627e-01  5.661213e-03  0.000000e+00
    endloop
  endfacet
  facet normal  0.000000e+00 -0.000000e+00 -1.000000e+00
    outer loop
      vertex   2.127554e-01  4.823540e-03  0.000000e+00
      vertex   2.167303e-01 -1.658227e-03  0.000000e+00
      vertex   2.123782e-01 -1.957642e-03  0.000000e+00
    endloop
  endfacet
  facet normal -0.000000e+00  0.000000e+00 -1.000000e+00
    outer loop
      vertex   2.170585e-01  4.033784e-03  0.000000e+00
      vertex   2.167303e-01 -1.658227e-03  0.000000e+00
      vertex   2.127554e-01  4.823540e-03  0.000000e+00
    endloop
  endfacet
  facet normal  0.000000e+00 -0.000000e+00 -1.000000e+00
    outer loop
      vertex   2.170585e-01  4.033784e-03  0.000000e+00
      vertex   2.206762e-01 -1.384448e-03  0.000000e+00
      vertex   2.167303e-01 -1.658227e-03  0.000000e+00
    endloop
  endfacet
  facet normal -0.000000e+00  0.000000e+00 -1.000000e+00
    outer loop
      vertex   2.209550e-01  3.300481e-03  0.000000e+00
      vertex   2.206762e-01 -1.384448e-03  0.000000e+00
      vertex   2.170585e-01  4.033784e-03  0.000000e+00
    endloop
  endfacet
  facet normal  0.000000e+00 -0.000000e+00 -1.000000e+00
    outer loop
      vertex   2.209550e-01  3.300481e-03  0.000000e+00
      vertex   2.241990e-01 -1.137957e-03  0.000000e+00
      vertex   2.206762e-01 -1.384448e-03  0.000000e+00
    endloop
  endfacet
  facet normal -0.000000e+00  0.000000e+00 -1.000000e+00
    outer loop
      vertex   2.244296e-01  2.631755e-03  0.000000e+00
      vertex   2.241990e-01 -1.137957e-03  0.000000e+00
      vertex   2.209550e-01  3.300481e-03  0.000000e+00
    endloop
  endfacet
  facet normal  0.000000e+00 -0.000000e+00 -1.000000e+00
    outer loop
      vertex   2.244296e-01  2.631755e-03  0.000000e+00
      vertex   2.272837e-01 -9.203642e-04  0.000000e+00
      vertex   2.241990e-01 -1.137957e-03  0.000000e+00
    endloop
  endfacet
  facet normal -0.000000e+00  0.000000e+00 -1.000000e+00
    outer loop
      vertex   2.274687e-01  2.035193e-03  0.000000e+00
      vertex   2.272837e-01 -9.203642e-04  0.000000e+00
      vertex   2.244296e-01  2.631755e-03  0.000000e+00
    endloop
  endfacet
  facet normal  0.000000e+00 -0.000000e+00 -1.000000e+00
    outer loop
      vertex   2.274687e-01  2.035193e-03  0.000000e+00
      vertex   2.299167e-01 -7.332073e-04  0.000000e+00
      vertex   2.272837e-01 -9.203642e-04  0.000000e+00
    endloop
  endfacet
  facet normal -0.000000e+00  0.000000e+00 -1.000000e+00
    outer loop
      vertex   2.300604e-01  1.517716e-03  0.000000e+00
      vertex   2.299167e-01 -7.332073e-04  0.000000e+00
      vertex   2.274687e-01  2.035193e-03  0.000000e+00
    endloop
  endfacet
  facet normal  0.000000e+00 -0.000000e+00 -1.000000e+00
    outer loop
      vertex   2.300604e-01  1.517716e-03  0.000000e+00
      vertex   2.320869e-01 -5.779033e-04  0.000000e+00
      vertex   2.299167e-01 -7.332073e-04  0.000000e+00
    endloop
  endfacet
  facet normal -0.000000e+00  0.000000e+00 -1.000000e+00
    outer loop
      vertex   2.321947e-01  1.085452e-03  0.000000e+00
      vertex   2.320869e-01 -5.779033e-04  0.000000e+00
      vertex   2.300604e-01  1.517716e-03  0.000000e+00
    endloop
  endfacet
  facet normal -0.000000e+00  0.000000e+00 -1.000000e+00
    outer loop
      vertex   2.337846e-01 -4.557015e-04  0.000000e+00
      vertex   2.320869e-01 -5.779033e-04  0.000000e+00
      vertex   2.321947e-01  1.085452e-03  0.000000e+00
    endloop
  endfacet
  facet normal -0.000000e+00  0.000000e+00 -1.000000e+00
    outer loop
      vertex   2.338633e-01  7.436081e-04  0.000000e+00
      vertex   2.337846e-01 -4.557015e-04  0.000000e+00
      vertex   2.321947e-01  1.085452e-03  0.000000e+00
    endloop
  endfacet
  facet normal -0.000000e+00  0.000000e+00 -1.000000e+00
    outer loop
      vertex   2.350026e-01 -3.676346e-04  0.000000e+00
      vertex   2.337846e-01 -4.557015e-04  0.000000e+00
      vertex   2.338633e-01  7.436081e-04  0.000000e+00
    endloop
  endfacet
  facet normal -0.000000e+00  0.000000e+00 -1.000000e+00
    outer loop
      vertex   2.350598e-01  4.963632e-04  0.000000e+00
      vertex   2.350026e-01 -3.676346e-04  0.000000e+00
      vertex   2.338633e-01  7.436081e-04  0.000000e+00
    endloop
  endfacet
  facet normal  0.000000e+00 -0.000000e+00 -1.000000e+00
    outer loop
      vertex   2.350598e-01  4.963632e-04  0.000000e+00
      vertex   2.357356e-01 -3.144752e-04  0.000000e+00
      vertex   2.350026e-01 -3.676346e-04  0.000000e+00
    endloop
  endfacet
  facet normal -0.000000e+00  0.000000e+00 -1.000000e+00
    outer loop
      vertex   2.357796e-01  3.467733e-04  0.000000e+00
      vertex   2.357356e-01 -3.144752e-04  0.000000e+00
      vertex   2.350598e-01  4.963632e-04  0.000000e+00
    endloop
  endfacet
  facet normal  0.000000e+00 -0.000000e+00 -1.000000e+00
    outer loop
      vertex   2.357796e-01  3.467733e-04  0.000000e+00
      vertex   2.359802e-01 -2.967014e-04  0.000000e+00
      vertex   2.357356e-01 -3.144752e-04  0.000000e+00
    endloop
  endfacet
  facet normal -0.000000e+00  0.000000e+00 -1.000000e+00
    outer loop
      vertex   2.360198e-01  2.967014e-04  0.000000e+00
      vertex   2.359802e-01 -2.967014e-04  0.000000e+00
      vertex   2.357796e-01  3.467733e-04  0.000000e+00
    endloop
  endfacet
  facet normal  0.000000e+00  0.000000e+00  1.000000e+00
    outer loop
      vertex   1.105295e-04  1.346751e-03  1.450000e+00
      vertex   0.000000e+00  0.000000e+00  1.450000e+00
      vertex   3.743578e-04 -1.298325e-03  1.450000e+00
    endloop
  endfacet
  facet normal  0.000000e+00  0.000000e+00  1.000000e+00
    outer loop
      vertex   7.107769e-04  2.703147e-03  1.450000e+00
      vertex   1.105295e-04  1.346751e-03  1.450000e+00
      vertex   3.743578e-04 -1.298325e-03  1.450000e+00
    endloop
  endfacet
  facet normal  0.000000e+00  0.000000e+00  1.000000e+00
    outer loop
      vertex   7.107769e-04  2.703147e-03  1.450000e+00
      vertex   3.743578e-04 -1.298325e-03  1.450000e+00
      vertex   1.226780e-03 -2.510386e-03  1.450000e+00
    endloop
  endfacet
  facet normal  0.000000e+00  0.000000e+00  1.000000e+00
    outer loop
      vertex   1.799907e-03  4.064965e-03  1.450000e+00
      vertex   7.107769e-04  2.703147e-03  1.450000e+00
      vertex   1.226780e-03 -2.510386e-03  1.450000e+00
    endloop
  endfacet
  facet normal  0.000000e+00  0.000000e+00  1.000000e+00
    outer loop
      vertex   1.799907e-03  4.064965e-03  1.450000e+00
      vertex   1.226780e-03 -2.510386e-03  1.450000e+00
      vertex   2.552132e-03 -3.634777e-03  1.450000e+00
    endloop
  endfacet
  facet normal  0.000000e+00  0.000000e+00  1.000000e+00
    outer loop
      vertex   3.375040e-03  5.426061e-03  1.450000e+00
      vertex   1.799907e-03  4.064965e-03  1.450000e+00
      vertex   2.552132e-03 -3.634777e-03  1.450000e+00
    endloop
  endfacet
  facet normal  0.000000e+00  0.000000e+00  1.000000e+00
    outer loop
      vertex   3.375040e-03  5.426061e-03  1.450000e+00
      vertex   2.552132e-03 -3.634777e-03  1.450000e+00
      vertex   4.343372e-03 -4.669997e-03  1.450000e+00
    endloop
  endfacet
  facet normal  0.000000e+00  0.000000e+00  1.000000e+00
    outer loop
      vertex   5.431228e-03  6.778537e-03  1.450000e+00
      vertex   3.375040e-03  5.426061e-03  1.450000e+00
      vertex   4.343372e-03 -4.669997e-03  1.450000e+00
    endloop
  endfacet
  facet normal  0.000000e+00  0.000000e+00  1.000000e+00
    outer loop
      vertex   5.431228e-03  6.778537e-03  1.450000e+00
      vertex   4.343372e-03 -4.669997e-03  1.450000e+00
      vertex   6.591616e-03 -5.614534e-03  1.450000e+00
    endloop
  endfacet
  facet normal  0.000000e+00  0.000000e+00  1.000000e+00
    outer loop
      vertex   7.961422e-03  8.112964e-03  1.450000e+00
      vertex   5.431228e-03  6.778537e-03  1.450000e+00
      vertex   6.591616e-03 -5.614534e-03  1.450000e+00
    endloop
  endfacet
  facet normal  0.000000e+00  0.000000e+00  1.000000e+00
    outer loop
      vertex   7.961422e-03  8.112964e-03  1.450000e+00
      vertex   6.591616e-03 -5.614534e-03  1.450000e+00
      vertex   9.286223e-03 -6.466982e-03  1.450000e+00
    endloop
  endfacet
  facet normal  0.000000e+00  0.000000e+00  1.000000e+00
    outer loop
      vertex   1.095645e-02  9.418662e-03  1.450000e+00
      vertex   7.961422e-03  8.112964e-03  1.450000e+00
      vertex   9.286223e-03 -6.466982e-03  1.450000e+00
    endloop
  endfacet
  facet normal  0.000000e+00  0.000000e+00  1.000000e+00
    outer loop
      vertex   1.095645e-02  9.418662e-03  1.450000e+00
      vertex   9.286223e-03 -6.466982e-03  1.450000e+00
      vertex   1.241489e-02 -7.226183e-03  1.450000e+00
    endloop
  endfacet
  facet normal  0.000000e+00  0.000000e+00  1.000000e+00
    outer loop
      vertex   1.440502e-02  1.068401e-02  1.450000e+00
      vertex   1.095645e-02  9.418662e-03  1.450000e+00
      vertex   1.241489e-02 -7.226183e-03  1.450000e+00
    endloop
  endfacet
  facet normal  0.000000e+00  0.000000e+00  1.000000e+00
    outer loop
      vertex   1.440502e-02  1.068401e-02  1.450000e+00
      vertex   1.241489e-02 -7.226183e-03  1.450000e+00
      vertex   1.596377e-02 -7.891375e-03  1.450000e+00
    endloop
  endfacet
  facet normal  0.000000e+00  0.000000e+00  1.000000e+00
    outer loop
      vertex   1.829367e-02  1.189679e-02  1.450000e+00
      vertex   1.440502e-02  1.068401e-02  1.450000e+00
      vertex   1.596377e-02 -7.891375e-03  1.450000e+00
    endloop
  endfacet
  facet normal  0.000000e+00  0.000000e+00  1.000000e+00
    outer loop
      vertex   1.829367e-02  1.189679e-02  1.450000e+00
      vertex   1.596377e-02 -7.891375e-03  1.450000e+00
      vertex   1.991754e-02 -8.462349e-03  1.450000e+00
    endloop
  endfacet
  facet normal  0.000000e+00  0.000000e+00  1.000000e+00
    outer loop
      vertex   2.260685e-02  1.304454e-02  1.450000e+00
      vertex   1.829367e-02  1.189679e-02  1.450000e+00
      vertex   1.991754e-02 -8.462349e-03  1.450000e+00
    endloop
  endfacet
  facet normal  0.000000e+00  0.000000e+00  1.000000e+00
    outer loop
      vertex   2.260685e-02  1.304454e-02  1.450000e+00
      vertex   1.991754e-02 -8.462349e-03  1.450000e+00
      vertex   2.425954e-02 -8.939596e-03  1.450000e+00
    endloop
  endfacet
  facet normal  0.000000e+00  0.000000e+00  1.000000e+00
    outer loop
      vertex   2.732688e-02  1.411492e-02  1.450000e+00
      vertex   2.260685e-02  1.304454e-02  1.450000e+00
      vertex   2.425954e-02 -8.939596e-03  1.450000e+00
    endloop
  endfacet
  facet normal  0.000000e+00  0.000000e+00  1.000000e+00
    outer loop
      vertex   2.732688e-02  1.411492e-02  1.450000e+00
      vertex   2.425954e-02 -8.939596e-03  1.450000e+00
      vertex   2.897187e-02 -9.324437e-03  1.450000e+00
    endloop
  endfacet
  facet normal  0.000000e+00  0.000000e+00  1.000000e+00
    outer loop
      vertex   3.243408e-02  1.509602e-02  1.450000e+00
      vertex   2.732688e-02  1.411492e-02  1.450000e+00
      vertex   2.897187e-02 -9.324437e-03  1.450000e+00
    endloop
  endfacet
  facet normal  0.000000e+00  0.000000e+00  1.000000e+00
    outer loop
      vertex   3.243408e-02  1.509602e-02  1.450000e+00
      vertex   2.897187e-02 -9.324437e-03  1.450000e+00
      vertex   3.403547e-02 -9.619135e-03  1.450000e+00
    endloop
  endfacet
  facet normal  0.000000e+00  0.000000e+00  1.000000e+00
    outer loop
      vertex   3.790680e-02  1.597670e-02  1.450000e+00
      vertex   3.243408e-02  1.509602e-02  1.450000e+00
      vertex   3.403547e-02 -9.619135e-03  1.450000e+00
    endloop
  endfacet
  facet normal  0.000000e+00  0.000000e+00  1.000000e+00
    outer loop
      vertex   3.790680e-02  1.597670e-02  1.450000e+00
      vertex   3.403547e-02 -9.619135e-03  1.450000e+00
      vertex   3.943019e-02 -9.826957e-03  1.450000e+00
    endloop
  endfacet
  facet normal  0.000000e+00  0.000000e+00  1.000000e+00
    outer loop
      vertex   4.372153e-02  1.674690e-02  1.450000e+00
      vertex   3.790680e-02  1.597670e-02  1.450000e+00
      vertex   3.943019e-02 -9.826957e-03  1.450000e+00
    endloop
  endfacet
  facet normal  0.000000e+00  0.000000e+00  1.000000e+00
    outer loop
      vertex   4.372153e-02  1.674690e-02  1.450000e+00
      vertex   3.943019e-02 -9.826957e-03  1.450000e+00
      vertex   4.513488e-02 -9.952217e-03  1.450000e+00
    endloop
  endfacet
  facet normal  0.000000e+00  0.000000e+00  1.000000e+00
    outer loop
      vertex   4.985303e-02  1.739781e-02  1.450000e+00
      vertex   4.372153e-02  1.674690e-02  1.450000e+00
      vertex   4.513488e-02 -9.952217e-03  1.450000e+00
    endloop
  endfacet
  facet normal  0.000000e+00  0.000000e+00  1.000000e+00
    outer loop
      vertex   4.985303e-02  1.739781e-02  1.450000e+00
      vertex   4.513488e-02 -9.952217e-03  1.450000e+00
      vertex   5.112744e-02 -1.000026e-02  1.450000e+00
    endloop
  endfacet
  facet normal  0.000000e+00  0.000000e+00  1.000000e+00
    outer loop
      vertex   5.627449e-02  1.792213e-02  1.450000e+00
      vertex   5.112744e-02 -1.000026e-02  1.450000e+00
      vertex   5.738486e-02 -9.977391e-03  1.450000e+00
    endloop
  endfacet
  facet normal  0.000000e+00  0.000000e+00  1.000000e+00
    outer loop
      vertex   5.627449e-02  1.792213e-02  1.450000e+00
      vertex   4.985303e-02  1.739781e-02  1.450000e+00
      vertex   5.112744e-02 -1.000026e-02  1.450000e+00
    endloop
  endfacet
  facet normal  0.000000e+00  0.000000e+00  1.000000e+00
    outer loop
      vertex   6.295768e-02  1.831415e-02  1.450000e+00
      vertex   5.738486e-02 -9.977391e-03  1.450000e+00
      vertex   6.388329e-02 -9.890814e-03  1.450000e+00
    endloop
  endfacet
  facet normal  0.000000e+00  0.000000e+00  1.000000e+00
    outer loop
      vertex   6.295768e-02  1.831415e-02  1.450000e+00
      vertex   5.627449e-02  1.792213e-02  1.450000e+00
      vertex   5.738486e-02 -9.977391e-03  1.450000e+00
    endloop
  endfacet
  facet normal  0.000000e+00  0.000000e+00  1.000000e+00
    outer loop
      vertex   6.987312e-02  1.856990e-02  1.450000e+00
      vertex   6.388329e-02 -9.890814e-03  1.450000e+00
      vertex   7.059801e-02 -9.748454e-03  1.450000e+00
    endloop
  endfacet
  facet normal  0.000000e+00  0.000000e+00  1.000000e+00
    outer loop
      vertex   6.987312e-02  1.856990e-02  1.450000e+00
      vertex   7.059801e-02 -9.748454e-03  1.450000e+00
      vertex   7.750355e-02 -9.558799e-03  1.450000e+00
    endloop
  endfacet
  facet normal  0.000000e+00  0.000000e+00  1.000000e+00
    outer loop
      vertex   6.987312e-02  1.856990e-02  1.450000e+00
      vertex   6.295768e-02  1.831415e-02  1.450000e+00
      vertex   6.388329e-02 -9.890814e-03  1.450000e+00
    endloop
  endfacet
  facet normal  0.000000e+00  0.000000e+00  1.000000e+00
    outer loop
      vertex   7.699030e-02  1.868712e-02  1.450000e+00
      vertex   7.750355e-02 -9.558799e-03  1.450000e+00
      vertex   8.457365e-02 -9.330699e-03  1.450000e+00
    endloop
  endfacet
  facet normal  0.000000e+00  0.000000e+00  1.000000e+00
    outer loop
      vertex   7.699030e-02  1.868712e-02  1.450000e+00
      vertex   6.987312e-02  1.856990e-02  1.450000e+00
      vertex   7.750355e-02 -9.558799e-03  1.450000e+00
    endloop
  endfacet
  facet normal  0.000000e+00  0.000000e+00  1.000000e+00
    outer loop
      vertex   8.427784e-02  1.866531e-02  1.450000e+00
      vertex   8.457365e-02 -9.330699e-03  1.450000e+00
      vertex   9.178135e-02 -9.073143e-03  1.450000e+00
    endloop
  endfacet
  facet normal  0.000000e+00  0.000000e+00  1.000000e+00
    outer loop
      vertex   8.427784e-02  1.866531e-02  1.450000e+00
      vertex   7.699030e-02  1.868712e-02  1.450000e+00
      vertex   8.457365e-02 -9.330699e-03  1.450000e+00
    endloop
  endfacet
  facet normal  0.000000e+00  0.000000e+00  1.000000e+00
    outer loop
      vertex   9.170371e-02  1.850566e-02  1.450000e+00
      vertex   8.427784e-02  1.866531e-02  1.450000e+00
      vertex   9.178135e-02 -9.073143e-03  1.450000e+00
    endloop
  endfacet
  facet normal  0.000000e+00  0.000000e+00  1.000000e+00
    outer loop
      vertex   9.919752e-02  1.821779e-02  1.450000e+00
      vertex   9.178135e-02 -9.073143e-03  1.450000e+00
      vertex   9.913691e-02 -8.788491e-03  1.450000e+00
    endloop
  endfacet
  facet normal  0.000000e+00  0.000000e+00  1.000000e+00
    outer loop
      vertex   9.919752e-02  1.821779e-02  1.450000e+00
      vertex   9.913691e-02 -8.788491e-03  1.450000e+00
      vertex   1.065933e-01 -8.461582e-03  1.450000e+00
    endloop
  endfacet
  facet normal  0.000000e+00  0.000000e+00  1.000000e+00
    outer loop
      vertex   9.919752e-02  1.821779e-02  1.450000e+00
      vertex   9.170371e-02  1.850566e-02  1.450000e+00
      vertex   9.178135e-02 -9.073143e-03  1.450000e+00
    endloop
  endfacet
  facet normal  0.000000e+00  0.000000e+00  1.000000e+00
    outer loop
      vertex   1.067452e-01  1.783071e-02  1.450000e+00
      vertex   9.919752e-02  1.821779e-02  1.450000e+00
      vertex   1.065933e-01 -8.461582e-03  1.450000e+00
    endloop
  endfacet
  facet normal  0.000000e+00  0.000000e+00  1.000000e+00
    outer loop
      vertex   1.067452e-01  1.783071e-02  1.450000e+00
      vertex   1.065933e-01 -8.461582e-03  1.450000e+00
      vertex   1.140992e-01 -8.097749e-03  1.450000e+00
    endloop
  endfacet
  facet normal  0.000000e+00  0.000000e+00  1.000000e+00
    outer loop
      vertex   1.143366e-01  1.735284e-02  1.450000e+00
      vertex   1.140992e-01 -8.097749e-03  1.450000e+00
      vertex   1.216242e-01 -7.704166e-03  1.450000e+00
    endloop
  endfacet
  facet normal  0.000000e+00  0.000000e+00  1.000000e+00
    outer loop
      vertex   1.143366e-01  1.735284e-02  1.450000e+00
      vertex   1.067452e-01  1.783071e-02  1.450000e+00
      vertex   1.140992e-01 -8.097749e-03  1.450000e+00
    endloop
  endfacet
  facet normal  0.000000e+00  0.000000e+00  1.000000e+00
    outer loop
      vertex   1.219400e-01  1.679116e-02  1.450000e+00
      vertex   1.143366e-01  1.735284e-02  1.450000e+00
      vertex   1.216242e-01 -7.704166e-03  1.450000e+00
    endloop
  endfacet
  facet normal  0.000000e+00  0.000000e+00  1.000000e+00
    outer loop
      vertex   1.219400e-01  1.679116e-02  1.450000e+00
      vertex   1.216242e-01 -7.704166e-03  1.450000e+00
      vertex   1.291380e-01 -7.287676e-03  1.450000e+00
    endloop
  endfacet
  facet normal  0.000000e+00  0.000000e+00  1.000000e+00
    outer loop
      vertex   1.295235e-01  1.615322e-02  1.450000e+00
      vertex   1.219400e-01  1.679116e-02  1.450000e+00
      vertex   1.291380e-01 -7.287676e-03  1.450000e+00
    endloop
  endfacet
  facet normal  0.000000e+00  0.000000e+00  1.000000e+00
    outer loop
      vertex   1.295235e-01  1.615322e-02  1.450000e+00
      vertex   1.291380e-01 -7.287676e-03  1.450000e+00
      vertex   1.366100e-01 -6.854672e-03  1.450000e+00
    endloop
  endfacet
  facet normal  0.000000e+00  0.000000e+00  1.000000e+00
    outer loop
      vertex   1.370556e-01  1.544696e-02  1.450000e+00
      vertex   1.295235e-01  1.615322e-02  1.450000e+00
      vertex   1.366100e-01 -6.854672e-03  1.450000e+00
    endloop
  endfacet
  facet normal  0.000000e+00  0.000000e+00  1.000000e+00
    outer loop
      vertex   1.370556e-01  1.544696e-02  1.450000e+00
      vertex   1.366100e-01 -6.854672e-03  1.450000e+00
      vertex   1.440099e-01 -6.411012e-03  1.450000e+00
    endloop
  endfacet
  facet normal  0.000000e+00  0.000000e+00  1.000000e+00
    outer loop
      vertex   1.445050e-01  1.468069e-02  1.450000e+00
      vertex   1.370556e-01  1.544696e-02  1.450000e+00
      vertex   1.440099e-01 -6.411012e-03  1.450000e+00
    endloop
  endfacet
  facet normal  0.000000e+00  0.000000e+00  1.000000e+00
    outer loop
      vertex   1.445050e-01  1.468069e-02  1.450000e+00
      vertex   1.440099e-01 -6.411012e-03  1.450000e+00
      vertex   1.513074e-01 -5.961971e-03  1.450000e+00
    endloop
  endfacet
  facet normal  0.000000e+00  0.000000e+00  1.000000e+00
    outer loop
      vertex   1.518411e-01  1.386294e-02  1.450000e+00
      vertex   1.445050e-01  1.468069e-02  1.450000e+00
      vertex   1.513074e-01 -5.961971e-03  1.450000e+00
    endloop
  endfacet
  facet normal  0.000000e+00  0.000000e+00  1.000000e+00
    outer loop
      vertex   1.518411e-01  1.386294e-02  1.450000e+00
      vertex   1.513074e-01 -5.961971e-03  1.450000e+00
      vertex   1.584726e-01 -5.512225e-03  1.450000e+00
    endloop
  endfacet
  facet normal  0.000000e+00  0.000000e+00  1.000000e+00
    outer loop
      vertex   1.590336e-01  1.300245e-02  1.450000e+00
      vertex   1.518411e-01  1.386294e-02  1.450000e+00
      vertex   1.584726e-01 -5.512225e-03  1.450000e+00
    endloop
  endfacet
  facet normal  0.000000e+00  0.000000e+00  1.000000e+00
    outer loop
      vertex   1.590336e-01  1.300245e-02  1.450000e+00
      vertex   1.584726e-01 -5.512225e-03  1.450000e+00
      vertex   1.654759e-01 -5.065857e-03  1.450000e+00
    endloop
  endfacet
  facet normal  0.000000e+00  0.000000e+00  1.000000e+00
    outer loop
      vertex   1.660529e-01  1.210808e-02  1.450000e+00
      vertex   1.590336e-01  1.300245e-02  1.450000e+00
      vertex   1.654759e-01 -5.065857e-03  1.450000e+00
    endloop
  endfacet
  facet normal  0.000000e+00  0.000000e+00  1.000000e+00
    outer loop
      vertex   1.660529e-01  1.210808e-02  1.450000e+00
      vertex   1.654759e-01 -5.065857e-03  1.450000e+00
      vertex   1.722885e-01 -4.626405e-03  1.450000e+00
    endloop
  endfacet
  facet normal  0.000000e+00  0.000000e+00  1.000000e+00
    outer loop
      vertex   1.728706e-01  1.118880e-02  1.450000e+00
      vertex   1.660529e-01  1.210808e-02  1.450000e+00
      vertex   1.722885e-01 -4.626405e-03  1.450000e+00
    endloop
  endfacet
  facet normal  0.000000e+00  0.000000e+00  1.000000e+00
    outer loop
      vertex   1.728706e-01  1.118880e-02  1.450000e+00
      vertex   1.722885e-01 -4.626405e-03  1.450000e+00
      vertex   1.788820e-01 -4.196914e-03  1.450000e+00
    endloop
  endfacet
  facet normal  0.000000e+00  0.000000e+00  1.000000e+00
    outer loop
      vertex   1.794587e-01  1.025367e-02  1.450000e+00
      vertex   1.728706e-01  1.118880e-02  1.450000e+00
      vertex   1.788820e-01 -4.196914e-03  1.450000e+00
    endloop
  endfacet
  facet normal  0.000000e+00  0.000000e+00  1.000000e+00
    outer loop
      vertex   1.794587e-01  1.025367e-02  1.450000e+00
      vertex   1.788820e-01 -4.196914e-03  1.450000e+00
      vertex   1.852290e-01 -3.780016e-03  1.450000e+00
    endloop
  endfacet
  facet normal  0.000000e+00  0.000000e+00  1.000000e+00
    outer loop
      vertex   1.857906e-01  9.311829e-03  1.450000e+00
      vertex   1.794587e-01  1.025367e-02  1.450000e+00
      vertex   1.852290e-01 -3.780016e-03  1.450000e+00
    endloop
  endfacet
  facet normal  0.000000e+00  0.000000e+00  1.000000e+00
    outer loop
      vertex   1.857906e-01  9.311829e-03  1.450000e+00
      vertex   1.852290e-01 -3.780016e-03  1.450000e+00
      vertex   1.913030e-01 -3.378011e-03  1.450000e+00
    endloop
  endfacet
  facet normal  0.000000e+00  0.000000e+00  1.000000e+00
    outer loop
      vertex   1.918406e-01  8.372457e-03  1.450000e+00
      vertex   1.857906e-01  9.311829e-03  1.450000e+00
      vertex   1.913030e-01 -3.378011e-03  1.450000e+00
    endloop
  endfacet
  facet normal  0.000000e+00  0.000000e+00  1.000000e+00
    outer loop
      vertex   1.918406e-01  8.372457e-03  1.450000e+00
      vertex   1.913030e-01 -3.378011e-03  1.450000e+00
      vertex   1.970786e-01 -2.992947e-03  1.450000e+00
    endloop
  endfacet
  facet normal  0.000000e+00  0.000000e+00  1.000000e+00
    outer loop
      vertex   1.975844e-01  7.444767e-03  1.450000e+00
      vertex   1.918406e-01  8.372457e-03  1.450000e+00
      vertex   1.970786e-01 -2.992947e-03  1.450000e+00
    endloop
  endfacet
  facet normal  0.000000e+00  0.000000e+00  1.000000e+00
    outer loop
      vertex   1.975844e-01  7.444767e-03  1.450000e+00
      vertex   1.970786e-01 -2.992947e-03  1.450000e+00
      vertex   2.025314e-01 -2.626697e-03  1.450000e+00
    endloop
  endfacet
  facet normal  0.000000e+00  0.000000e+00  1.000000e+00
    outer loop
      vertex   2.029990e-01  6.537967e-03  1.450000e+00
      vertex   1.975844e-01  7.444767e-03  1.450000e+00
      vertex   2.025314e-01 -2.626697e-03  1.450000e+00
    endloop
  endfacet
  facet normal  0.000000e+00  0.000000e+00  1.000000e+00
    outer loop
      vertex   2.029990e-01  6.537967e-03  1.450000e+00
      vertex   2.025314e-01 -2.626697e-03  1.450000e+00
      vertex   2.076385e-01 -2.281026e-03  1.450000e+00
    endloop
  endfacet
  facet normal  0.000000e+00  0.000000e+00  1.000000e+00
    outer loop
      vertex   2.080627e-01  5.661213e-03  1.450000e+00
      vertex   2.029990e-01  6.537967e-03  1.450000e+00
      vertex   2.076385e-01 -2.281026e-03  1.450000e+00
    endloop
  endfacet
  facet normal  0.000000e+00  0.000000e+00  1.000000e+00
    outer loop
      vertex   2.080627e-01  5.661213e-03  1.450000e+00
      vertex   2.076385e-01 -2.281026e-03  1.450000e+00
      vertex   2.123782e-01 -1.957642e-03  1.450000e+00
    endloop
  endfacet
  facet normal  0.000000e+00  0.000000e+00  1.000000e+00
    outer loop
      vertex   2.127554e-01  4.823540e-03  1.450000e+00
      vertex   2.080627e-01  5.661213e-03  1.450000e+00
      vertex   2.123782e-01 -1.957642e-03  1.450000e+00
    endloop
  endfacet
  facet normal  0.000000e+00  0.000000e+00  1.000000e+00
    outer loop
      vertex   2.127554e-01  4.823540e-03  1.450000e+00
      vertex   2.123782e-01 -1.957642e-03  1.450000e+00
      vertex   2.167303e-01 -1.658227e-03  1.450000e+00
    endloop
  endfacet
  facet normal  0.000000e+00  0.000000e+00  1.000000e+00
    outer loop
      vertex   2.170585e-01  4.033784e-03  1.450000e+00
      vertex   2.127554e-01  4.823540e-03  1.450000e+00
      vertex   2.167303e-01 -1.658227e-03  1.450000e+00
    endloop
  endfacet
  facet normal  0.000000e+00  0.000000e+00  1.000000e+00
    outer loop
      vertex   2.170585e-01  4.033784e-03  1.450000e+00
      vertex   2.167303e-01 -1.658227e-03  1.450000e+00
      vertex   2.206762e-01 -1.384448e-03  1.450000e+00
    endloop
  endfacet
  facet normal  0.000000e+00  0.000000e+00  1.000000e+00
    outer loop
      vertex   2.209550e-01  3.300481e-03  1.450000e+00
      vertex   2.170585e-01  4.033784e-03  1.450000e+00
      vertex   2.206762e-01 -1.384448e-03  1.450000e+00
    endloop
  endfacet
  facet normal  0.000000e+00  0.000000e+00  1.000000e+00
    outer loop
      vertex   2.209550e-01  3.300481e-03  1.450000e+00
      vertex   2.206762e-01 -1.384448e-03  1.450000e+00
      vertex   2.241990e-01 -1.137957e-03  1.450000e+00
    endloop
  endfacet
  facet normal  0.000000e+00  0.000000e+00  1.000000e+00
    outer loop
      vertex   2.244296e-01  2.631755e-03  1.450000e+00
      vertex   2.209550e-01  3.300481e-03  1.450000e+00
      vertex   2.241990e-01 -1.137957e-03  1.450000e+00
    endloop
  endfacet
  facet normal  0.000000e+00  0.000000e+00  1.000000e+00
    outer loop
      vertex   2.244296e-01  2.631755e-03  1.450000e+00
      vertex   2.241990e-01 -1.137957e-03  1.450000e+00
      vertex   2.272837e-01 -9.203642e-04  1.450000e+00
    endloop
  endfacet
  facet normal  0.000000e+00  0.000000e+00  1.000000e+00
    outer loop
      vertex   2.274687e-01  2.035193e-03  1.450000e+00
      vertex   2.244296e-01  2.631755e-03  1.450000e+00
      vertex   2.272837e-01 -9.203642e-04  1.450000e+00
    endloop
  endfacet
  facet normal  0.000000e+00  0.000000e+00  1.000000e+00
    outer loop
      vertex   2.274687e-01  2.035193e-03  1.450000e+00
      vertex   2.272837e-01 -9.203642e-04  1.450000e+00
      vertex   2.299167e-01 -7.332073e-04  1.450000e+00
    endloop
  endfacet
  facet normal  0.000000e+00  0.000000e+00  1.000000e+00
    outer loop
      vertex   2.300604e-01  1.517716e-03  1.450000e+00
      vertex   2.274687e-01  2.035193e-03  1.450000e+00
      vertex   2.299167e-01 -7.332073e-04  1.450000e+00
    endloop
  endfacet
  facet normal  0.000000e+00  0.000000e+00  1.000000e+00
    outer loop
      vertex   2.300604e-01  1.517716e-03  1.450000e+00
      vertex   2.299167e-01 -7.332073e-04  1.450000e+00
      vertex   2.320869e-01 -5.779033e-04  1.450000e+00
    endloop
  endfacet
  facet normal  0.000000e+00  0.000000e+00  1.000000e+00
    outer loop
      vertex   2.321947e-01  1.085452e-03  1.450000e+00
      vertex   2.300604e-01  1.517716e-03  1.450000e+00
      vertex   2.320869e-01 -5.779033e-04  1.450000e+00
    endloop
  endfacet
  facet normal  0.000000e+00  0.000000e+00  1.000000e+00
    outer loop
      vertex   2.337846e-01 -4.557015e-04  1.450000e+00
      vertex   2.321947e-01  1.085452e-03  1.450000e+00
      vertex   2.320869e-01 -5.779033e-04  1.450000e+00
    endloop
  endfacet
  facet normal  0.000000e+00  0.000000e+00  1.000000e+00
    outer loop
      vertex   2.338633e-01  7.436081e-04  1.450000e+00
      vertex   2.321947e-01  1.085452e-03  1.450000e+00
      vertex   2.337846e-01 -4.557015e-04  1.450000e+00
    endloop
  endfacet
  facet normal  0.000000e+00  0.000000e+00  1.000000e+00
    outer loop
      vertex   2.350026e-01 -3.676346e-04  1.450000e+00
      vertex   2.338633e-01  7.436081e-04  1.450000e+00
      vertex   2.337846e-01 -4.557015e-04  1.450000e+00
    endloop
  endfacet
  facet normal  0.000000e+00  0.000000e+00  1.000000e+00
    outer loop
      vertex   2.350598e-01  4.963632e-04  1.450000e+00
      vertex   2.338633e-01  7.436081e-04  1.450000e+00
      vertex   2.350026e-01 -3.676346e-04  1.450000e+00
    endloop
  endfacet
  facet normal  0.000000e+00  0.000000e+00  1.000000e+00
    outer loop
      vertex   2.350598e-01  4.963632e-04  1.450000e+00
      vertex   2.350026e-01 -3.676346e-04  1.450000e+00
      vertex   2.357356e-01 -3.144752e-04  1.450000e+00
    endloop
  endfacet
  facet normal  0.000000e+00  0.000000e+00  1.000000e+00
    outer loop
      vertex   2.357796e-01  3.467733e-04  1.450000e+00
      vertex   2.350598e-01  4.963632e-04  1.450000e+00
      vertex   2.357356e-01 -3.144752e-04  1.450000e+00
    endloop
  endfacet
  facet normal  0.000000e+00  0.000000e+00  1.000000e+00
    outer loop
      vertex   2.357796e-01  3.467733e-04  1.450000e+00
      vertex   2.357356e-01 -3.144752e-04  1.450000e+00
      vertex   2.359802e-01 -2.967014e-04  1.450000e+00
    endloop
  endfacet
  facet normal  0.000000e+00  0.000000e+00  1.000000e+00
    outer loop
      vertex   2.360198e-01  2.967014e-04  1.450000e+00
      vertex   2.357796e-01  3.467733e-04  1.450000e+00
      vertex   2.359802e-01 -2.967014e-04  1.450000e+00
    endloop
  endfacet
  facet normal -1.588777e-01  9.872983e-01  0.000000e+00
    outer loop
      vertex   3.243408e-02  1.509602e-02  0.000000e+00
      vertex   3.790680e-02  1.597670e-02  1.450000e+00
      vertex   3.790680e-02  1.597670e-02  0.000000e+00
    endloop
  endfacet
  facet normal -1.588777e-01  9.872983e-01  0.000000e+00
    outer loop
      vertex   3.243408e-02  1.509602e-02  0.000000e+00
      vertex   3.243408e-02  1.509602e-02  1.450000e+00
      vertex   3.790680e-02  1.597670e-02  1.450000e+00
    endloop
  endfacet
  facet normal -1.886520e-01  9.820440e-01  0.000000e+00
    outer loop
      vertex   2.732688e-02  1.411492e-02  0.000000e+00
      vertex   3.243408e-02  1.509602e-02  1.450000e+00
      vertex   3.243408e-02  1.509602e-02  0.000000e+00
    endloop
  endfacet
  facet normal -1.886520e-01  9.820440e-01  0.000000e+00
    outer loop
      vertex   2.732688e-02  1.411492e-02  0.000000e+00
      vertex   2.732688e-02  1.411492e-02  1.450000e+00
      vertex   3.243408e-02  1.509602e-02  1.450000e+00
    endloop
  endfacet
  facet normal -2.211586e-01  9.752378e-01  0.000000e+00
    outer loop
      vertex   2.260685e-02  1.304454e-02  0.000000e+00
      vertex   2.732688e-02  1.411492e-02  1.450000e+00
      vertex   2.732688e-02  1.411492e-02  0.000000e+00
    endloop
  endfacet
  facet normal -2.211586e-01  9.752378e-01  0.000000e+00
    outer loop
      vertex   2.260685e-02  1.304454e-02  0.000000e+00
      vertex   2.260685e-02  1.304454e-02  1.450000e+00
      vertex   2.732688e-02  1.411492e-02  1.450000e+00
    endloop
  endfacet
  facet normal -2.571540e-01  9.663704e-01  0.000000e+00
    outer loop
      vertex   1.829367e-02  1.189679e-02  0.000000e+00
      vertex   2.260685e-02  1.304454e-02  1.450000e+00
      vertex   2.260685e-02  1.304454e-02  0.000000e+00
    endloop
  endfacet
  facet normal -2.571540e-01  9.663704e-01  0.000000e+00
    outer loop
      vertex   1.829367e-02  1.189679e-02  0.000000e+00
      vertex   1.829367e-02  1.189679e-02  1.450000e+00
      vertex   2.260685e-02  1.304454e-02  1.450000e+00
    endloop
  endfacet
  facet normal -2.977331e-01  9.546492e-01  0.000000e+00
    outer loop
      vertex   1.440502e-02  1.068401e-02  0.000000e+00
      vertex   1.829367e-02  1.189679e-02  1.450000e+00
      vertex   1.829367e-02  1.189679e-02  0.000000e+00
    endloop
  endfacet
  facet normal -2.977331e-01  9.546492e-01  0.000000e+00
    outer loop
      vertex   1.440502e-02  1.068401e-02  0.000000e+00
      vertex   1.440502e-02  1.068401e-02  1.450000e+00
      vertex   1.829367e-02  1.189679e-02  1.450000e+00
    endloop
  endfacet
  facet normal -3.444640e-01  9.387996e-01  0.000000e+00
    outer loop
      vertex   1.095645e-02  9.418662e-03  0.000000e+00
      vertex   1.440502e-02  1.068401e-02  1.450000e+00
      vertex   1.440502e-02  1.068401e-02  0.000000e+00
    endloop
  endfacet
  facet normal -3.444640e-01  9.387996e-01  0.000000e+00
    outer loop
      vertex   1.095645e-02  9.418662e-03  0.000000e+00
      vertex   1.095645e-02  9.418662e-03  1.450000e+00
      vertex   1.440502e-02  1.068401e-02  1.450000e+00
    endloop
  endfacet
  facet normal -3.996297e-01  9.166766e-01  0.000000e+00
    outer loop
      vertex   7.961422e-03  8.112964e-03  0.000000e+00
      vertex   1.095645e-02  9.418662e-03  1.450000e+00
      vertex   1.095645e-02  9.418662e-03  0.000000e+00
    endloop
  endfacet
  facet normal -3.996297e-01  9.166766e-01  0.000000e+00
    outer loop
      vertex   7.961422e-03  8.112964e-03  0.000000e+00
      vertex   7.961422e-03  8.112964e-03  1.450000e+00
      vertex   1.095645e-02  9.418662e-03  1.450000e+00
    endloop
  endfacet
  facet normal -4.664980e-01  8.845222e-01  0.000000e+00
    outer loop
      vertex   5.431228e-03  6.778537e-03  0.000000e+00
      vertex   7.961422e-03  8.112964e-03  1.450000e+00
      vertex   7.961422e-03  8.112964e-03  0.000000e+00
    endloop
  endfacet
  facet normal -4.664980e-01  8.845222e-01  0.000000e+00
    outer loop
      vertex   5.431228e-03  6.778537e-03  0.000000e+00
      vertex   5.431228e-03  6.778537e-03  1.450000e+00
      vertex   7.961422e-03  8.112964e-03  1.450000e+00
    endloop
  endfacet
  facet normal -5.495373e-01  8.354692e-01  0.000000e+00
    outer loop
      vertex   3.375040e-03  5.426061e-03  0.000000e+00
      vertex   5.431228e-03  6.778537e-03  1.450000e+00
      vertex   5.431228e-03  6.778537e-03  0.000000e+00
    endloop
  endfacet
  facet normal -5.495373e-01  8.354692e-01  0.000000e+00
    outer loop
      vertex   3.375040e-03  5.426061e-03  0.000000e+00
      vertex   3.375040e-03  5.426061e-03  1.450000e+00
      vertex   5.431228e-03  6.778537e-03  1.450000e+00
    endloop
  endfacet
  facet normal -6.538272e-01  7.566438e-01  0.000000e+00
    outer loop
      vertex   1.799907e-03  4.064965e-03  0.000000e+00
      vertex   3.375040e-03  5.426061e-03  1.450000e+00
      vertex   3.375040e-03  5.426061e-03  0.000000e+00
    endloop
  endfacet
  facet normal -6.538272e-01  7.566438e-01  0.000000e+00
    outer loop
      vertex   1.799907e-03  4.064965e-03  0.000000e+00
      vertex   1.799907e-03  4.064965e-03  1.450000e+00
      vertex   3.375040e-03  5.426061e-03  1.450000e+00
    endloop
  endfacet
  facet normal -7.809595e-01  6.245816e-01  0.000000e+00
    outer loop
      vertex   7.107769e-04  2.703147e-03  0.000000e+00
      vertex   1.799907e-03  4.064965e-03  1.450000e+00
      vertex   1.799907e-03  4.064965e-03  0.000000e+00
    endloop
  endfacet
  facet normal -7.809595e-01  6.245816e-01  0.000000e+00
    outer loop
      vertex   7.107769e-04  2.703147e-03  0.000000e+00
      vertex   7.107769e-04  2.703147e-03  1.450000e+00
      vertex   1.799907e-03  4.064965e-03  1.450000e+00
    endloop
  endfacet
  facet normal -9.144597e-01  4.046769e-01  0.000000e+00
    outer loop
      vertex   1.105295e-04  1.346751e-03  0.000000e+00
      vertex   7.107769e-04  2.703147e-03  1.450000e+00
      vertex   7.107769e-04  2.703147e-03  0.000000e+00
    endloop
  endfacet
  facet normal -9.144597e-01  4.046769e-01  0.000000e+00
    outer loop
      vertex   1.105295e-04  1.346751e-03  0.000000e+00
      vertex   1.105295e-04  1.346751e-03  1.450000e+00
      vertex   7.107769e-04  2.703147e-03  1.450000e+00
    endloop
  endfacet
  facet normal -9.966491e-01  8.179621e-02  0.000000e+00
    outer loop
      vertex   0.000000e+00  0.000000e+00  0.000000e+00
      vertex   1.105295e-04  1.346751e-03  1.450000e+00
      vertex   1.105295e-04  1.346751e-03  0.000000e+00
    endloop
  endfacet
  facet normal -9.966491e-01  8.179621e-02  0.000000e+00
    outer loop
      vertex   0.000000e+00  0.000000e+00  0.000000e+00
      vertex   0.000000e+00  0.000000e+00  1.450000e+00
      vertex   1.105295e-04  1.346751e-03  1.450000e+00
    endloop
  endfacet
  facet normal -9.608549e-01 -2.770520e-01  0.000000e+00
    outer loop
      vertex   3.743578e-04 -1.298325e-03  0.000000e+00
      vertex   0.000000e+00  0.000000e+00  1.450000e+00
      vertex   0.000000e+00  0.000000e+00  0.000000e+00
    endloop
  endfacet
  facet normal -9.608549e-01 -2.770520e-01  0.000000e+00
    outer loop
      vertex   3.743578e-04 -1.298325e-03  0.000000e+00
      vertex   3.743578e-04 -1.298325e-03  1.450000e+00
      vertex   0.000000e+00  0.000000e+00  1.450000e+00
    endloop
  endfacet
  facet normal -8.179682e-01 -5.752633e-01  0.000000e+00
    outer loop
      vertex   1.226780e-03 -2.510386e-03  0.000000e+00
      vertex   3.743578e-04 -1.298325e-03  1.450000e+00
      vertex   3.743578e-04 -1.298325e-03  0.000000e+00
    endloop
  endfacet
  facet normal -8.179682e-01 -5.752633e-01  0.000000e+00
    outer loop
      vertex   1.226780e-03 -2.510386e-03  0.000000e+00
      vertex   1.226780e-03 -2.510386e-03  1.450000e+00
      vertex   3.743578e-04 -1.298325e-03  1.450000e+00
    endloop
  endfacet
  facet normal -6.469272e-01 -7.625517e-01  0.000000e+00
    outer loop
      vertex   2.552132e-03 -3.634777e-03  0.000000e+00
      vertex   1.226780e-03 -2.510386e-03  1.450000e+00
      vertex   1.226780e-03 -2.510386e-03  0.000000e+00
    endloop
  endfacet
  facet normal -6.469272e-01 -7.625517e-01  0.000000e+00
    outer loop
      vertex   2.552132e-03 -3.634777e-03  0.000000e+00
      vertex   2.552132e-03 -3.634777e-03  1.450000e+00
      vertex   1.226780e-03 -2.510386e-03  1.450000e+00
    endloop
  endfacet
  facet normal -5.003796e-01 -8.658062e-01  0.000000e+00
    outer loop
      vertex   4.343372e-03 -4.669997e-03  0.000000e+00
      vertex   2.552132e-03 -3.634777e-03  1.450000e+00
      vertex   2.552132e-03 -3.634777e-03  0.000000e+00
    endloop
  endfacet
  facet normal -5.003796e-01 -8.658062e-01  0.000000e+00
    outer loop
      vertex   4.343372e-03 -4.669997e-03  0.000000e+00
      vertex   4.343372e-03 -4.669997e-03  1.450000e+00
      vertex   2.552132e-03 -3.634777e-03  1.450000e+00
    endloop
  endfacet
  facet normal -3.873281e-01 -9.219419e-01  0.000000e+00
    outer loop
      vertex   6.591616e-03 -5.614534e-03  0.000000e+00
      vertex   4.343372e-03 -4.669997e-03  1.450000e+00
      vertex   4.343372e-03 -4.669997e-03  0.000000e+00
    endloop
  endfacet
  facet normal -3.873281e-01 -9.219419e-01  0.000000e+00
    outer loop
      vertex   6.591616e-03 -5.614534e-03  0.000000e+00
      vertex   6.591616e-03 -5.614534e-03  1.450000e+00
      vertex   4.343372e-03 -4.669997e-03  1.450000e+00
    endloop
  endfacet
  facet normal -3.016202e-01 -9.534282e-01  0.000000e+00
    outer loop
      vertex   9.286223e-03 -6.466982e-03  0.000000e+00
      vertex   6.591616e-03 -5.614534e-03  1.450000e+00
      vertex   6.591616e-03 -5.614534e-03  0.000000e+00
    endloop
  endfacet
  facet normal -3.016202e-01 -9.534282e-01  0.000000e+00
    outer loop
      vertex   9.286223e-03 -6.466982e-03  0.000000e+00
      vertex   9.286223e-03 -6.466982e-03  1.450000e+00
      vertex   6.591616e-03 -5.614534e-03  1.450000e+00
    endloop
  endfacet
  facet normal -2.358160e-01 -9.717977e-01  0.000000e+00
    outer loop
      vertex   1.241489e-02 -7.226183e-03  0.000000e+00
      vertex   9.286223e-03 -6.466982e-03  1.450000e+00
      vertex   9.286223e-03 -6.466982e-03  0.000000e+00
    endloop
  endfacet
  facet normal -2.358160e-01 -9.717977e-01  0.000000e+00
    outer loop
      vertex   1.241489e-02 -7.226183e-03  0.000000e+00
      vertex   1.241489e-02 -7.226183e-03  1.450000e+00
      vertex   9.286223e-03 -6.466982e-03  1.450000e+00
    endloop
  endfacet
  facet normal -1.842287e-01 -9.828834e-01  0.000000e+00
    outer loop
      vertex   1.596377e-02 -7.891375e-03  0.000000e+00
      vertex   1.241489e-02 -7.226183e-03  1.450000e+00
      vertex   1.241489e-02 -7.226183e-03  0.000000e+00
    endloop
  endfacet
  facet normal -1.842287e-01 -9.828834e-01  0.000000e+00
    outer loop
      vertex   1.596377e-02 -7.891375e-03  0.000000e+00
      vertex   1.596377e-02 -7.891375e-03  1.450000e+00
      vertex   1.241489e-02 -7.226183e-03  1.450000e+00
    endloop
  endfacet
  facet normal -1.429299e-01 -9.897329e-01  0.000000e+00
    outer loop
      vertex   1.991754e-02 -8.462349e-03  0.000000e+00
      vertex   1.596377e-02 -7.891375e-03  1.450000e+00
      vertex   1.596377e-02 -7.891375e-03  0.000000e+00
    endloop
  endfacet
  facet normal -1.429299e-01 -9.897329e-01  0.000000e+00
    outer loop
      vertex   1.991754e-02 -8.462349e-03  0.000000e+00
      vertex   1.991754e-02 -8.462349e-03  1.450000e+00
      vertex   1.596377e-02 -7.891375e-03  1.450000e+00
    endloop
  endfacet
  facet normal -1.092561e-01 -9.940137e-01  0.000000e+00
    outer loop
      vertex   2.425954e-02 -8.939596e-03  0.000000e+00
      vertex   1.991754e-02 -8.462349e-03  1.450000e+00
      vertex   1.991754e-02 -8.462349e-03  0.000000e+00
    endloop
  endfacet
  facet normal -1.092561e-01 -9.940137e-01  0.000000e+00
    outer loop
      vertex   2.425954e-02 -8.939596e-03  0.000000e+00
      vertex   2.425954e-02 -8.939596e-03  1.450000e+00
      vertex   1.991754e-02 -8.462349e-03  1.450000e+00
    endloop
  endfacet
  facet normal -8.139586e-02 -9.966819e-01  0.000000e+00
    outer loop
      vertex   2.897187e-02 -9.324437e-03  0.000000e+00
      vertex   2.425954e-02 -8.939596e-03  1.450000e+00
      vertex   2.425954e-02 -8.939596e-03  0.000000e+00
    endloop
  endfacet
  facet normal -8.139586e-02 -9.966819e-01  0.000000e+00
    outer loop
      vertex   2.897187e-02 -9.324437e-03  0.000000e+00
      vertex   2.897187e-02 -9.324437e-03  1.450000e+00
      vertex   2.425954e-02 -8.939596e-03  1.450000e+00
    endloop
  endfacet
  facet normal -5.810105e-02 -9.983107e-01  0.000000e+00
    outer loop
      vertex   3.403547e-02 -9.619135e-03  0.000000e+00
      vertex   2.897187e-02 -9.324437e-03  1.450000e+00
      vertex   2.897187e-02 -9.324437e-03  0.000000e+00
    endloop
  endfacet
  facet normal -5.810105e-02 -9.983107e-01  0.000000e+00
    outer loop
      vertex   3.403547e-02 -9.619135e-03  0.000000e+00
      vertex   3.403547e-02 -9.619135e-03  1.450000e+00
      vertex   2.897187e-02 -9.324437e-03  1.450000e+00
    endloop
  endfacet
  facet normal  1.651731e-01  9.862646e-01  0.000000e+00
    outer loop
      vertex   1.975844e-01  7.444767e-03  0.000000e+00
      vertex   2.029990e-01  6.537967e-03  1.450000e+00
      vertex   2.029990e-01  6.537967e-03  0.000000e+00
    endloop
  endfacet
  facet normal  1.651731e-01  9.862646e-01 -0.000000e+00
    outer loop
      vertex   1.975844e-01  7.444767e-03  0.000000e+00
      vertex   1.975844e-01  7.444767e-03  1.450000e+00
      vertex   2.029990e-01  6.537967e-03  1.450000e+00
    endloop
  endfacet
  facet normal  1.594453e-01  9.872068e-01  0.000000e+00
    outer loop
      vertex   1.918406e-01  8.372457e-03  0.000000e+00
      vertex   1.975844e-01  7.444767e-03  1.450000e+00
      vertex   1.975844e-01  7.444767e-03  0.000000e+00
    endloop
  endfacet
  facet normal  1.594453e-01  9.872068e-01 -0.000000e+00
    outer loop
      vertex   1.918406e-01  8.372457e-03  0.000000e+00
      vertex   1.918406e-01  8.372457e-03  1.450000e+00
      vertex   1.975844e-01  7.444767e-03  1.450000e+00
    endloop
  endfacet
  facet normal  1.534295e-01  9.881596e-01  0.000000e+00
    outer loop
      vertex   1.857906e-01  9.311829e-03  0.000000e+00
      vertex   1.918406e-01  8.372457e-03  1.450000e+00
      vertex   1.918406e-01  8.372457e-03  0.000000e+00
    endloop
  endfacet
  facet normal  1.534295e-01  9.881596e-01 -0.000000e+00
    outer loop
      vertex   1.857906e-01  9.311829e-03  0.000000e+00
      vertex   1.857906e-01  9.311829e-03  1.450000e+00
      vertex   1.918406e-01  8.372457e-03  1.450000e+00
    endloop
  endfacet
  facet normal  1.471266e-01  9.891176e-01  0.000000e+00
    outer loop
      vertex   1.794587e-01  1.025367e-02  0.000000e+00
      vertex   1.857906e-01  9.311829e-03  1.450000e+00
      vertex   1.857906e-01  9.311829e-03  0.000000e+00
    endloop
  endfacet
  facet normal  1.471266e-01  9.891176e-01 -0.000000e+00
    outer loop
      vertex   1.794587e-01  1.025367e-02  0.000000e+00
      vertex   1.794587e-01  1.025367e-02  1.450000e+00
      vertex   1.857906e-01  9.311829e-03  1.450000e+00
    endloop
  endfacet
  facet normal  1.405340e-01  9.900758e-01  0.000000e+00
    outer loop
      vertex   1.728706e-01  1.118880e-02  0.000000e+00
      vertex   1.794587e-01  1.025367e-02  1.450000e+00
      vertex   1.794587e-01  1.025367e-02  0.000000e+00
    endloop
  endfacet
  facet normal  1.405340e-01  9.900758e-01 -0.000000e+00
    outer loop
      vertex   1.728706e-01  1.118880e-02  0.000000e+00
      vertex   1.728706e-01  1.118880e-02  1.450000e+00
      vertex   1.794587e-01  1.025367e-02  1.450000e+00
    endloop
  endfacet
  facet normal  1.336277e-01  9.910316e-01  0.000000e+00
    outer loop
      vertex   1.660529e-01  1.210808e-02  0.000000e+00
      vertex   1.728706e-01  1.118880e-02  1.450000e+00
      vertex   1.728706e-01  1.118880e-02  0.000000e+00
    endloop
  endfacet
  facet normal  1.336277e-01  9.910316e-01 -0.000000e+00
    outer loop
      vertex   1.660529e-01  1.210808e-02  0.000000e+00
      vertex   1.660529e-01  1.210808e-02  1.450000e+00
      vertex   1.728706e-01  1.118880e-02  1.450000e+00
    endloop
  endfacet
  facet normal  1.263940e-01  9.919801e-01  0.000000e+00
    outer loop
      vertex   1.590336e-01  1.300245e-02  0.000000e+00
      vertex   1.660529e-01  1.210808e-02  1.450000e+00
      vertex   1.660529e-01  1.210808e-02  0.000000e+00
    endloop
  endfacet
  facet normal  1.263940e-01  9.919801e-01 -0.000000e+00
    outer loop
      vertex   1.590336e-01  1.300245e-02  0.000000e+00
      vertex   1.590336e-01  1.300245e-02  1.450000e+00
      vertex   1.660529e-01  1.210808e-02  1.450000e+00
    endloop
  endfacet
  facet normal  1.187901e-01  9.929194e-01  0.000000e+00
    outer loop
      vertex   1.518411e-01  1.386294e-02  0.000000e+00
      vertex   1.590336e-01  1.300245e-02  1.450000e+00
      vertex   1.590336e-01  1.300245e-02  0.000000e+00
    endloop
  endfacet
  facet normal  1.187901e-01  9.929194e-01 -0.000000e+00
    outer loop
      vertex   1.518411e-01  1.386294e-02  0.000000e+00
      vertex   1.518411e-01  1.386294e-02  1.450000e+00
      vertex   1.590336e-01  1.300245e-02  1.450000e+00
    endloop
  endfacet
  facet normal  1.107831e-01  9.938446e-01  0.000000e+00
    outer loop
      vertex   1.445050e-01  1.468069e-02  0.000000e+00
      vertex   1.518411e-01  1.386294e-02  1.450000e+00
      vertex   1.518411e-01  1.386294e-02  0.000000e+00
    endloop
  endfacet
  facet normal  1.107831e-01  9.938446e-01 -0.000000e+00
    outer loop
      vertex   1.445050e-01  1.468069e-02  0.000000e+00
      vertex   1.445050e-01  1.468069e-02  1.450000e+00
      vertex   1.518411e-01  1.386294e-02  1.450000e+00
    endloop
  endfacet
  facet normal  1.023235e-01  9.947512e-01  0.000000e+00
    outer loop
      vertex   1.370556e-01  1.544696e-02  0.000000e+00
      vertex   1.445050e-01  1.468069e-02  1.450000e+00
      vertex   1.445050e-01  1.468069e-02  0.000000e+00
    endloop
  endfacet
  facet normal  1.023235e-01  9.947512e-01 -0.000000e+00
    outer loop
      vertex   1.370556e-01  1.544696e-02  0.000000e+00
      vertex   1.370556e-01  1.544696e-02  1.450000e+00
      vertex   1.445050e-01  1.468069e-02  1.450000e+00
    endloop
  endfacet
  facet normal  9.335712e-02  9.956326e-01  0.000000e+00
    outer loop
      vertex   1.295235e-01  1.615322e-02  0.000000e+00
      vertex   1.370556e-01  1.544696e-02  1.450000e+00
      vertex   1.370556e-01  1.544696e-02  0.000000e+00
    endloop
  endfacet
  facet normal  9.335712e-02  9.956326e-01 -0.000000e+00
    outer loop
      vertex   1.295235e-01  1.615322e-02  0.000000e+00
      vertex   1.295235e-01  1.615322e-02  1.450000e+00
      vertex   1.370556e-01  1.544696e-02  1.450000e+00
    endloop
  endfacet
  facet normal  8.382595e-02  9.964805e-01  0.000000e+00
    outer loop
      vertex   1.219400e-01  1.679116e-02  0.000000e+00
      vertex   1.295235e-01  1.615322e-02  1.450000e+00
      vertex   1.295235e-01  1.615322e-02  0.000000e+00
    endloop
  endfacet
  facet normal  8.382595e-02  9.964805e-01 -0.000000e+00
    outer loop
      vertex   1.219400e-01  1.679116e-02  0.000000e+00
      vertex   1.219400e-01  1.679116e-02  1.450000e+00
      vertex   1.295235e-01  1.615322e-02  1.450000e+00
    endloop
  endfacet
  facet normal  7.367156e-02  9.972825e-01  0.000000e+00
    outer loop
      vertex   1.143366e-01  1.735284e-02  0.000000e+00
      vertex   1.219400e-01  1.679116e-02  1.450000e+00
      vertex   1.219400e-01  1.679116e-02  0.000000e+00
    endloop
  endfacet
  facet normal  7.367156e-02  9.972825e-01 -0.000000e+00
    outer loop
      vertex   1.143366e-01  1.735284e-02  0.000000e+00
      vertex   1.143366e-01  1.735284e-02  1.450000e+00
      vertex   1.219400e-01  1.679116e-02  1.450000e+00
    endloop
  endfacet
  facet normal  6.282460e-02  9.980246e-01  0.000000e+00
    outer loop
      vertex   1.067452e-01  1.783071e-02  0.000000e+00
      vertex   1.143366e-01  1.735284e-02  1.450000e+00
      vertex   1.143366e-01  1.735284e-02  0.000000e+00
    endloop
  endfacet
  facet normal  6.282460e-02  9.980246e-01 -0.000000e+00
    outer loop
      vertex   1.067452e-01  1.783071e-02  0.000000e+00
      vertex   1.067452e-01  1.783071e-02  1.450000e+00
      vertex   1.143366e-01  1.735284e-02  1.450000e+00
    endloop
  endfacet
  facet normal  5.121735e-02  9.986876e-01  0.000000e+00
    outer loop
      vertex   9.919752e-02  1.821779e-02  0.000000e+00
      vertex   1.067452e-01  1.783071e-02  1.450000e+00
      vertex   1.067452e-01  1.783071e-02  0.000000e+00
    endloop
  endfacet
  facet normal  5.121735e-02  9.986876e-01 -0.000000e+00
    outer loop
      vertex   9.919752e-02  1.821779e-02  0.000000e+00
      vertex   9.919752e-02  1.821779e-02  1.450000e+00
      vertex   1.067452e-01  1.783071e-02  1.450000e+00
    endloop
  endfacet
  facet normal  3.838606e-02  9.992630e-01  0.000000e+00
    outer loop
      vertex   9.170371e-02  1.850566e-02  0.000000e+00
      vertex   9.919752e-02  1.821779e-02  1.450000e+00
      vertex   9.919752e-02  1.821779e-02  0.000000e+00
    endloop
  endfacet
  facet normal  3.838606e-02  9.992630e-01 -0.000000e+00
    outer loop
      vertex   9.170371e-02  1.850566e-02  0.000000e+00
      vertex   9.170371e-02  1.850566e-02  1.450000e+00
      vertex   9.919752e-02  1.821779e-02  1.450000e+00
    endloop
  endfacet
  facet normal  2.149407e-02  9.997690e-01  0.000000e+00
    outer loop
      vertex   8.427784e-02  1.866531e-02  0.000000e+00
      vertex   9.170371e-02  1.850566e-02  1.450000e+00
      vertex   9.170371e-02  1.850566e-02  0.000000e+00
    endloop
  endfacet
  facet normal  2.149407e-02  9.997690e-01 -0.000000e+00
    outer loop
      vertex   8.427784e-02  1.866531e-02  0.000000e+00
      vertex   8.427784e-02  1.866531e-02  1.450000e+00
      vertex   9.170371e-02  1.850566e-02  1.450000e+00
    endloop
  endfacet
  facet normal  2.992727e-03  9.999955e-01  0.000000e+00
    outer loop
      vertex   7.699030e-02  1.868712e-02  0.000000e+00
      vertex   8.427784e-02  1.866531e-02  1.450000e+00
      vertex   8.427784e-02  1.866531e-02  0.000000e+00
    endloop
  endfacet
  facet normal  2.992727e-03  9.999955e-01 -0.000000e+00
    outer loop
      vertex   7.699030e-02  1.868712e-02  0.000000e+00
      vertex   7.699030e-02  1.868712e-02  1.450000e+00
      vertex   8.427784e-02  1.866531e-02  1.450000e+00
    endloop
  endfacet
  facet normal -1.646776e-02  9.998644e-01  0.000000e+00
    outer loop
      vertex   6.987312e-02  1.856990e-02  0.000000e+00
      vertex   7.699030e-02  1.868712e-02  1.450000e+00
      vertex   7.699030e-02  1.868712e-02  0.000000e+00
    endloop
  endfacet
  facet normal -1.646776e-02  9.998644e-01  0.000000e+00
    outer loop
      vertex   6.987312e-02  1.856990e-02  0.000000e+00
      vertex   6.987312e-02  1.856990e-02  1.450000e+00
      vertex   7.699030e-02  1.868712e-02  1.450000e+00
    endloop
  endfacet
  facet normal -3.695729e-02  9.993169e-01  0.000000e+00
    outer loop
      vertex   6.295768e-02  1.831415e-02  0.000000e+00
      vertex   6.987312e-02  1.856990e-02  1.450000e+00
      vertex   6.987312e-02  1.856990e-02  0.000000e+00
    endloop
  endfacet
  facet normal -3.695729e-02  9.993169e-01  0.000000e+00
    outer loop
      vertex   6.295768e-02  1.831415e-02  0.000000e+00
      vertex   6.295768e-02  1.831415e-02  1.450000e+00
      vertex   6.987312e-02  1.856990e-02  1.450000e+00
    endloop
  endfacet
  facet normal -5.855690e-02  9.982841e-01  0.000000e+00
    outer loop
      vertex   5.627449e-02  1.792213e-02  0.000000e+00
      vertex   6.295768e-02  1.831415e-02  1.450000e+00
      vertex   6.295768e-02  1.831415e-02  0.000000e+00
    endloop
  endfacet
  facet normal -5.855690e-02  9.982841e-01  0.000000e+00
    outer loop
      vertex   5.627449e-02  1.792213e-02  0.000000e+00
      vertex   5.627449e-02  1.792213e-02  1.450000e+00
      vertex   6.295768e-02  1.831415e-02  1.450000e+00
    endloop
  endfacet
  facet normal -8.138036e-02  9.966831e-01  0.000000e+00
    outer loop
      vertex   4.985303e-02  1.739781e-02  0.000000e+00
      vertex   5.627449e-02  1.792213e-02  1.450000e+00
      vertex   5.627449e-02  1.792213e-02  0.000000e+00
    endloop
  endfacet
  facet normal -8.138036e-02  9.966831e-01  0.000000e+00
    outer loop
      vertex   4.985303e-02  1.739781e-02  0.000000e+00
      vertex   4.985303e-02  1.739781e-02  1.450000e+00
      vertex   5.627449e-02  1.792213e-02  1.450000e+00
    endloop
  endfacet
  facet normal -1.055653e-01  9.944124e-01  0.000000e+00
    outer loop
      vertex   4.372153e-02  1.674690e-02  0.000000e+00
      vertex   4.985303e-02  1.739781e-02  1.450000e+00
      vertex   4.985303e-02  1.739781e-02  0.000000e+00
    endloop
  endfacet
  facet normal -1.055653e-01  9.944124e-01  0.000000e+00
    outer loop
      vertex   4.372153e-02  1.674690e-02  0.000000e+00
      vertex   4.372153e-02  1.674690e-02  1.450000e+00
      vertex   4.985303e-02  1.739781e-02  1.450000e+00
    endloop
  endfacet
  facet normal -1.313098e-01  9.913414e-01  0.000000e+00
    outer loop
      vertex   3.790680e-02  1.597670e-02  0.000000e+00
      vertex   4.372153e-02  1.674690e-02  1.450000e+00
      vertex   4.372153e-02  1.674690e-02  0.000000e+00
    endloop
  endfacet
  facet normal -1.313098e-01  9.913414e-01  0.000000e+00
    outer loop
      vertex   3.790680e-02  1.597670e-02  0.000000e+00
      vertex   3.790680e-02  1.597670e-02  1.450000e+00
      vertex   4.372153e-02  1.674690e-02  1.450000e+00
    endloop
  endfacet
  facet normal -3.849465e-02 -9.992588e-01  0.000000e+00
    outer loop
      vertex   3.943019e-02 -9.826957e-03  0.000000e+00
      vertex   3.403547e-02 -9.619135e-03  1.450000e+00
      vertex   3.403547e-02 -9.619135e-03  0.000000e+00
    endloop
  endfacet
  facet normal -3.849465e-02 -9.992588e-01  0.000000e+00
    outer loop
      vertex   3.943019e-02 -9.826957e-03  0.000000e+00
      vertex   3.943019e-02 -9.826957e-03  1.450000e+00
      vertex   3.403547e-02 -9.619135e-03  1.450000e+00
    endloop
  endfacet
  facet normal -2.195210e-02 -9.997590e-01  0.000000e+00
    outer loop
      vertex   4.513488e-02 -9.952217e-03  0.000000e+00
      vertex   3.943019e-02 -9.826957e-03  1.450000e+00
      vertex   3.943019e-02 -9.826957e-03  0.000000e+00
    endloop
  endfacet
  facet normal -2.195210e-02 -9.997590e-01  0.000000e+00
    outer loop
      vertex   4.513488e-02 -9.952217e-03  0.000000e+00
      vertex   4.513488e-02 -9.952217e-03  1.450000e+00
      vertex   3.943019e-02 -9.826957e-03  1.450000e+00
    endloop
  endfacet
  facet normal -8.016727e-03 -9.999679e-01  0.000000e+00
    outer loop
      vertex   5.112744e-02 -1.000026e-02  0.000000e+00
      vertex   4.513488e-02 -9.952217e-03  1.450000e+00
      vertex   4.513488e-02 -9.952217e-03  0.000000e+00
    endloop
  endfacet
  facet normal -8.016727e-03 -9.999679e-01  0.000000e+00
    outer loop
      vertex   5.112744e-02 -1.000026e-02  0.000000e+00
      vertex   5.112744e-02 -1.000026e-02  1.450000e+00
      vertex   4.513488e-02 -9.952217e-03  1.450000e+00
    endloop
  endfacet
  facet normal  3.654618e-03 -9.999933e-01  0.000000e+00
    outer loop
      vertex   5.738486e-02 -9.977391e-03  0.000000e+00
      vertex   5.112744e-02 -1.000026e-02  1.450000e+00
      vertex   5.112744e-02 -1.000026e-02  0.000000e+00
    endloop
  endfacet
  facet normal  3.654618e-03 -9.999933e-01  0.000000e+00
    outer loop
      vertex   5.738486e-02 -9.977391e-03  0.000000e+00
      vertex   5.738486e-02 -9.977391e-03  1.450000e+00
      vertex   5.112744e-02 -1.000026e-02  1.450000e+00
    endloop
  endfacet
  facet normal  1.332152e-02 -9.999112e-01  0.000000e+00
    outer loop
      vertex   6.388329e-02 -9.890814e-03  0.000000e+00
      vertex   5.738486e-02 -9.977391e-03  1.450000e+00
      vertex   5.738486e-02 -9.977391e-03  0.000000e+00
    endloop
  endfacet
  facet normal  1.332152e-02 -9.999112e-01  0.000000e+00
    outer loop
      vertex   6.388329e-02 -9.890814e-03  0.000000e+00
      vertex   6.388329e-02 -9.890814e-03  1.450000e+00
      vertex   5.738486e-02 -9.977391e-03  1.450000e+00
    endloop
  endfacet
  facet normal  2.119642e-02 -9.997754e-01  0.000000e+00
    outer loop
      vertex   7.059801e-02 -9.748454e-03  0.000000e+00
      vertex   6.388329e-02 -9.890814e-03  1.450000e+00
      vertex   6.388329e-02 -9.890814e-03  0.000000e+00
    endloop
  endfacet
  facet normal  2.119642e-02 -9.997754e-01  0.000000e+00
    outer loop
      vertex   7.059801e-02 -9.748454e-03  0.000000e+00
      vertex   7.059801e-02 -9.748454e-03  1.450000e+00
      vertex   6.388329e-02 -9.890814e-03  1.450000e+00
    endloop
  endfacet
  facet normal  2.745392e-02 -9.996231e-01  0.000000e+00
    outer loop
      vertex   7.750355e-02 -9.558799e-03  0.000000e+00
      vertex   7.059801e-02 -9.748454e-03  1.450000e+00
      vertex   7.059801e-02 -9.748454e-03  0.000000e+00
    endloop
  endfacet
  facet normal  2.745392e-02 -9.996231e-01  0.000000e+00
    outer loop
      vertex   7.750355e-02 -9.558799e-03  0.000000e+00
      vertex   7.750355e-02 -9.558799e-03  1.450000e+00
      vertex   7.059801e-02 -9.748454e-03  1.450000e+00
    endloop
  endfacet
  facet normal  3.224577e-02 -9.994800e-01  0.000000e+00
    outer loop
      vertex   8.457365e-02 -9.330699e-03  0.000000e+00
      vertex   7.750355e-02 -9.558799e-03  1.450000e+00
      vertex   7.750355e-02 -9.558799e-03  0.000000e+00
    endloop
  endfacet
  facet normal  3.224577e-02 -9.994800e-01  0.000000e+00
    outer loop
      vertex   8.457365e-02 -9.330699e-03  0.000000e+00
      vertex   8.457365e-02 -9.330699e-03  1.450000e+00
      vertex   7.750355e-02 -9.558799e-03  1.450000e+00
    endloop
  endfacet
  facet normal  3.571071e-02 -9.993622e-01  0.000000e+00
    outer loop
      vertex   9.178135e-02 -9.073143e-03  0.000000e+00
      vertex   8.457365e-02 -9.330699e-03  1.450000e+00
      vertex   8.457365e-02 -9.330699e-03  0.000000e+00
    endloop
  endfacet
  facet normal  3.571071e-02 -9.993622e-01  0.000000e+00
    outer loop
      vertex   9.178135e-02 -9.073143e-03  0.000000e+00
      vertex   9.178135e-02 -9.073143e-03  1.450000e+00
      vertex   8.457365e-02 -9.330699e-03  1.450000e+00
    endloop
  endfacet
  facet normal  3.866995e-02 -9.992520e-01  0.000000e+00
    outer loop
      vertex   9.913691e-02 -8.788491e-03  0.000000e+00
      vertex   9.178135e-02 -9.073143e-03  1.450000e+00
      vertex   9.178135e-02 -9.073143e-03  0.000000e+00
    endloop
  endfacet
  facet normal  3.866995e-02 -9.992520e-01  0.000000e+00
    outer loop
      vertex   9.913691e-02 -8.788491e-03  0.000000e+00
      vertex   9.913691e-02 -8.788491e-03  1.450000e+00
      vertex   9.178135e-02 -9.073143e-03  1.450000e+00
    endloop
  endfacet
  facet normal  4.380073e-02 -9.990403e-01  0.000000e+00
    outer loop
      vertex   1.065933e-01 -8.461582e-03  0.000000e+00
      vertex   9.913691e-02 -8.788491e-03  1.450000e+00
      vertex   9.913691e-02 -8.788491e-03  0.000000e+00
    endloop
  endfacet
  facet normal  4.380073e-02 -9.990403e-01  0.000000e+00
    outer loop
      vertex   1.065933e-01 -8.461582e-03  0.000000e+00
      vertex   1.065933e-01 -8.461582e-03  1.450000e+00
      vertex   9.913691e-02 -8.788491e-03  1.450000e+00
    endloop
  endfacet
  facet normal  4.841604e-02 -9.988273e-01  0.000000e+00
    outer loop
      vertex   1.140992e-01 -8.097749e-03  0.000000e+00
      vertex   1.065933e-01 -8.461582e-03  1.450000e+00
      vertex   1.065933e-01 -8.461582e-03  0.000000e+00
    endloop
  endfacet
  facet normal  4.841604e-02 -9.988273e-01  0.000000e+00
    outer loop
      vertex   1.140992e-01 -8.097749e-03  0.000000e+00
      vertex   1.140992e-01 -8.097749e-03  1.450000e+00
      vertex   1.065933e-01 -8.461582e-03  1.450000e+00
    endloop
  endfacet
  facet normal  5.223196e-02 -9.986350e-01  0.000000e+00
    outer loop
      vertex   1.216242e-01 -7.704166e-03  0.000000e+00
      vertex   1.140992e-01 -8.097749e-03  1.450000e+00
      vertex   1.140992e-01 -8.097749e-03  0.000000e+00
    endloop
  endfacet
  facet normal  5.223196e-02 -9.986350e-01  0.000000e+00
    outer loop
      vertex   1.216242e-01 -7.704166e-03  0.000000e+00
      vertex   1.216242e-01 -7.704166e-03  1.450000e+00
      vertex   1.140992e-01 -8.097749e-03  1.450000e+00
    endloop
  endfacet
  facet normal  5.534515e-02 -9.984673e-01  0.000000e+00
    outer loop
      vertex   1.291380e-01 -7.287676e-03  0.000000e+00
      vertex   1.216242e-01 -7.704166e-03  1.450000e+00
      vertex   1.216242e-01 -7.704166e-03  0.000000e+00
    endloop
  endfacet
  facet normal  5.534515e-02 -9.984673e-01  0.000000e+00
    outer loop
      vertex   1.291380e-01 -7.287676e-03  0.000000e+00
      vertex   1.291380e-01 -7.287676e-03  1.450000e+00
      vertex   1.216242e-01 -7.704166e-03  1.450000e+00
    endloop
  endfacet
  facet normal  5.785309e-02 -9.983251e-01  0.000000e+00
    outer loop
      vertex   1.366100e-01 -6.854672e-03  0.000000e+00
      vertex   1.291380e-01 -7.287676e-03  1.450000e+00
      vertex   1.291380e-01 -7.287676e-03  0.000000e+00
    endloop
  endfacet
  facet normal  5.785309e-02 -9.983251e-01  0.000000e+00
    outer loop
      vertex   1.366100e-01 -6.854672e-03  0.000000e+00
      vertex   1.366100e-01 -6.854672e-03  1.450000e+00
      vertex   1.291380e-01 -7.287676e-03  1.450000e+00
    endloop
  endfacet
  facet normal  5.984741e-02 -9.982076e-01  0.000000e+00
    outer loop
      vertex   1.440099e-01 -6.411012e-03  0.000000e+00
      vertex   1.366100e-01 -6.854672e-03  1.450000e+00
      vertex   1.366100e-01 -6.854672e-03  0.000000e+00
    endloop
  endfacet
  facet normal  5.984741e-02 -9.982076e-01  0.000000e+00
    outer loop
      vertex   1.440099e-01 -6.411012e-03  0.000000e+00
      vertex   1.440099e-01 -6.411012e-03  1.450000e+00
      vertex   1.366100e-01 -6.854672e-03  1.450000e+00
    endloop
  endfacet
  facet normal  6.141735e-02 -9.981122e-01  0.000000e+00
    outer loop
      vertex   1.513074e-01 -5.961971e-03  0.000000e+00
      vertex   1.440099e-01 -6.411012e-03  1.450000e+00
      vertex   1.440099e-01 -6.411012e-03  0.000000e+00
    endloop
  endfacet
  facet normal  6.141735e-02 -9.981122e-01  0.000000e+00
    outer loop
      vertex   1.513074e-01 -5.961971e-03  0.000000e+00
      vertex   1.513074e-01 -5.961971e-03  1.450000e+00
      vertex   1.440099e-01 -6.411012e-03  1.450000e+00
    endloop
  endfacet
  facet normal  6.264486e-02 -9.980359e-01  0.000000e+00
    outer loop
      vertex   1.584726e-01 -5.512225e-03  0.000000e+00
      vertex   1.513074e-01 -5.961971e-03  1.450000e+00
      vertex   1.513074e-01 -5.961971e-03  0.000000e+00
    endloop
  endfacet
  facet normal  6.264486e-02 -9.980359e-01  0.000000e+00
    outer loop
      vertex   1.584726e-01 -5.512225e-03  0.000000e+00
      vertex   1.584726e-01 -5.512225e-03  1.450000e+00
      vertex   1.513074e-01 -5.961971e-03  1.450000e+00
    endloop
  endfacet
  facet normal  6.360768e-02 -9.979750e-01  0.000000e+00
    outer loop
      vertex   1.654759e-01 -5.065857e-03  0.000000e+00
      vertex   1.584726e-01 -5.512225e-03  1.450000e+00
      vertex   1.584726e-01 -5.512225e-03  0.000000e+00
    endloop
  endfacet
  facet normal  6.360768e-02 -9.979750e-01  0.000000e+00
    outer loop
      vertex   1.654759e-01 -5.065857e-03  0.000000e+00
      vertex   1.654759e-01 -5.065857e-03  1.450000e+00
      vertex   1.584726e-01 -5.512225e-03  1.450000e+00
    endloop
  endfacet
  facet normal  6.437196e-02 -9.979260e-01  0.000000e+00
    outer loop
      vertex   1.722885e-01 -4.626405e-03  0.000000e+00
      vertex   1.654759e-01 -5.065857e-03  1.450000e+00
      vertex   1.654759e-01 -5.065857e-03  0.000000e+00
    endloop
  endfacet
  facet normal  6.437196e-02 -9.979260e-01  0.000000e+00
    outer loop
      vertex   1.722885e-01 -4.626405e-03  0.000000e+00
      vertex   1.722885e-01 -4.626405e-03  1.450000e+00
      vertex   1.654759e-01 -5.065857e-03  1.450000e+00
    endloop
  endfacet
  facet normal  6.500083e-02 -9.978852e-01  0.000000e+00
    outer loop
      vertex   1.788820e-01 -4.196914e-03  0.000000e+00
      vertex   1.722885e-01 -4.626405e-03  1.450000e+00
      vertex   1.722885e-01 -4.626405e-03  0.000000e+00
    endloop
  endfacet
  facet normal  6.500083e-02 -9.978852e-01  0.000000e+00
    outer loop
      vertex   1.788820e-01 -4.196914e-03  0.000000e+00
      vertex   1.788820e-01 -4.196914e-03  1.450000e+00
      vertex   1.722885e-01 -4.626405e-03  1.450000e+00
    endloop
  endfacet
  facet normal  6.554301e-02 -9.978498e-01  0.000000e+00
    outer loop
      vertex   1.852290e-01 -3.780016e-03  0.000000e+00
      vertex   1.788820e-01 -4.196914e-03  1.450000e+00
      vertex   1.788820e-01 -4.196914e-03  0.000000e+00
    endloop
  endfacet
  facet normal  6.554301e-02 -9.978498e-01  0.000000e+00
    outer loop
      vertex   1.852290e-01 -3.780016e-03  0.000000e+00
      vertex   1.852290e-01 -3.780016e-03  1.450000e+00
      vertex   1.788820e-01 -4.196914e-03  1.450000e+00
    endloop
  endfacet
  facet normal  6.604010e-02 -9.978169e-01  0.000000e+00
    outer loop
      vertex   1.913030e-01 -3.378011e-03  0.000000e+00
      vertex   1.852290e-01 -3.780016e-03  1.450000e+00
      vertex   1.852290e-01 -3.780016e-03  0.000000e+00
    endloop
  endfacet
  facet normal  6.604010e-02 -9.978169e-01  0.000000e+00
    outer loop
      vertex   1.913030e-01 -3.378011e-03  0.000000e+00
      vertex   1.913030e-01 -3.378011e-03  1.450000e+00
      vertex   1.852290e-01 -3.780016e-03  1.450000e+00
    endloop
  endfacet
  facet normal  6.652316e-02 -9.977849e-01  0.000000e+00
    outer loop
      vertex   1.970786e-01 -2.992947e-03  0.000000e+00
      vertex   1.913030e-01 -3.378011e-03  1.450000e+00
      vertex   1.913030e-01 -3.378011e-03  0.000000e+00
    endloop
  endfacet
  facet normal  6.652316e-02 -9.977849e-01  0.000000e+00
    outer loop
      vertex   1.970786e-01 -2.992947e-03  0.000000e+00
      vertex   1.970786e-01 -2.992947e-03  1.450000e+00
      vertex   1.913030e-01 -3.378011e-03  1.450000e+00
    endloop
  endfacet
  facet normal  6.701633e-02 -9.977518e-01  0.000000e+00
    outer loop
      vertex   2.025314e-01 -2.626697e-03  0.000000e+00
      vertex   1.970786e-01 -2.992947e-03  1.450000e+00
      vertex   1.970786e-01 -2.992947e-03  0.000000e+00
    endloop
  endfacet
  facet normal  6.701633e-02 -9.977518e-01  0.000000e+00
    outer loop
      vertex   2.025314e-01 -2.626697e-03  0.000000e+00
      vertex   2.025314e-01 -2.626697e-03  1.450000e+00
      vertex   1.970786e-01 -2.992947e-03  1.450000e+00
    endloop
  endfacet
  facet normal  2.040670e-01  9.789569e-01  0.000000e+00
    outer loop
      vertex   2.357796e-01  3.467733e-04  0.000000e+00
      vertex   2.360198e-01  2.967014e-04  1.450000e+00
      vertex   2.360198e-01  2.967014e-04  0.000000e+00
    endloop
  endfacet
  facet normal  2.040670e-01  9.789569e-01 -0.000000e+00
    outer loop
      vertex   2.357796e-01  3.467733e-04  0.000000e+00
      vertex   2.357796e-01  3.467733e-04  1.450000e+00
      vertex   2.360198e-01  2.967014e-04  1.450000e+00
    endloop
  endfacet
  facet normal  2.034738e-01  9.790804e-01  0.000000e+00
    outer loop
      vertex   2.350598e-01  4.963632e-04  0.000000e+00
      vertex   2.357796e-01  3.467733e-04  1.450000e+00
      vertex   2.357796e-01  3.467733e-04  0.000000e+00
    endloop
  endfacet
  facet normal  2.034738e-01  9.790804e-01 -0.000000e+00
    outer loop
      vertex   2.350598e-01  4.963632e-04  0.000000e+00
      vertex   2.350598e-01  4.963632e-04  1.450000e+00
      vertex   2.357796e-01  3.467733e-04  1.450000e+00
    endloop
  endfacet
  facet normal  2.023642e-01  9.793103e-01  0.000000e+00
    outer loop
      vertex   2.338633e-01  7.436081e-04  0.000000e+00
      vertex   2.350598e-01  4.963632e-04  1.450000e+00
      vertex   2.350598e-01  4.963632e-04  0.000000e+00
    endloop
  endfacet
  facet normal  2.023642e-01  9.793103e-01 -0.000000e+00
    outer loop
      vertex   2.338633e-01  7.436081e-04  0.000000e+00
      vertex   2.338633e-01  7.436081e-04  1.450000e+00
      vertex   2.350598e-01  4.963632e-04  1.450000e+00
    endloop
  endfacet
  facet normal  2.007017e-01  9.796524e-01  0.000000e+00
    outer loop
      vertex   2.321947e-01  1.085452e-03  0.000000e+00
      vertex   2.338633e-01  7.436081e-04  1.450000e+00
      vertex   2.338633e-01  7.436081e-04  0.000000e+00
    endloop
  endfacet
  facet normal  2.007017e-01  9.796524e-01 -0.000000e+00
    outer loop
      vertex   2.321947e-01  1.085452e-03  0.000000e+00
      vertex   2.321947e-01  1.085452e-03  1.450000e+00
      vertex   2.338633e-01  7.436081e-04  1.450000e+00
    endloop
  endfacet
  facet normal  1.985009e-01  9.801008e-01  0.000000e+00
    outer loop
      vertex   2.300604e-01  1.517716e-03  0.000000e+00
      vertex   2.321947e-01  1.085452e-03  1.450000e+00
      vertex   2.321947e-01  1.085452e-03  0.000000e+00
    endloop
  endfacet
  facet normal  1.985009e-01  9.801008e-01 -0.000000e+00
    outer loop
      vertex   2.300604e-01  1.517716e-03  0.000000e+00
      vertex   2.300604e-01  1.517716e-03  1.450000e+00
      vertex   2.321947e-01  1.085452e-03  1.450000e+00
    endloop
  endfacet
  facet normal  1.958022e-01  9.806434e-01  0.000000e+00
    outer loop
      vertex   2.274687e-01  2.035193e-03  0.000000e+00
      vertex   2.300604e-01  1.517716e-03  1.450000e+00
      vertex   2.300604e-01  1.517716e-03  0.000000e+00
    endloop
  endfacet
  facet normal  1.958022e-01  9.806434e-01 -0.000000e+00
    outer loop
      vertex   2.274687e-01  2.035193e-03  0.000000e+00
      vertex   2.274687e-01  2.035193e-03  1.450000e+00
      vertex   2.300604e-01  1.517716e-03  1.450000e+00
    endloop
  endfacet
  facet normal  1.926202e-01  9.812734e-01  0.000000e+00
    outer loop
      vertex   2.244296e-01  2.631755e-03  0.000000e+00
      vertex   2.274687e-01  2.035193e-03  1.450000e+00
      vertex   2.274687e-01  2.035193e-03  0.000000e+00
    endloop
  endfacet
  facet normal  1.926202e-01  9.812734e-01 -0.000000e+00
    outer loop
      vertex   2.244296e-01  2.631755e-03  0.000000e+00
      vertex   2.244296e-01  2.631755e-03  1.450000e+00
      vertex   2.274687e-01  2.035193e-03  1.450000e+00
    endloop
  endfacet
  facet normal  1.889924e-01  9.819785e-01  0.000000e+00
    outer loop
      vertex   2.209550e-01  3.300481e-03  0.000000e+00
      vertex   2.244296e-01  2.631755e-03  1.450000e+00
      vertex   2.244296e-01  2.631755e-03  0.000000e+00
    endloop
  endfacet
  facet normal  1.889924e-01  9.819785e-01 -0.000000e+00
    outer loop
      vertex   2.209550e-01  3.300481e-03  0.000000e+00
      vertex   2.209550e-01  3.300481e-03  1.450000e+00
      vertex   2.244296e-01  2.631755e-03  1.450000e+00
    endloop
  endfacet
  facet normal  1.849484e-01  9.827482e-01  0.000000e+00
    outer loop
      vertex   2.170585e-01  4.033784e-03  0.000000e+00
      vertex   2.209550e-01  3.300481e-03  1.450000e+00
      vertex   2.209550e-01  3.300481e-03  0.000000e+00
    endloop
  endfacet
  facet normal  1.849484e-01  9.827482e-01 -0.000000e+00
    outer loop
      vertex   2.170585e-01  4.033784e-03  0.000000e+00
      vertex   2.170585e-01  4.033784e-03  1.450000e+00
      vertex   2.209550e-01  3.300481e-03  1.450000e+00
    endloop
  endfacet
  facet normal  1.805169e-01  9.835719e-01  0.000000e+00
    outer loop
      vertex   2.127554e-01  4.823540e-03  0.000000e+00
      vertex   2.170585e-01  4.033784e-03  1.450000e+00
      vertex   2.170585e-01  4.033784e-03  0.000000e+00
    endloop
  endfacet
  facet normal  1.805169e-01  9.835719e-01 -0.000000e+00
    outer loop
      vertex   2.127554e-01  4.823540e-03  0.000000e+00
      vertex   2.127554e-01  4.823540e-03  1.450000e+00
      vertex   2.170585e-01  4.033784e-03  1.450000e+00
    endloop
  endfacet
  facet normal  1.757277e-01  9.844388e-01  0.000000e+00
    outer loop
      vertex   2.080627e-01  5.661213e-03  0.000000e+00
      vertex   2.127554e-01  4.823540e-03  1.450000e+00
      vertex   2.127554e-01  4.823540e-03  0.000000e+00
    endloop
  endfacet
  facet normal  1.757277e-01  9.844388e-01 -0.000000e+00
    outer loop
      vertex   2.080627e-01  5.661213e-03  0.000000e+00
      vertex   2.080627e-01  5.661213e-03  1.450000e+00
      vertex   2.127554e-01  4.823540e-03  1.450000e+00
    endloop
  endfacet
  facet normal  1.706066e-01  9.853392e-01  0.000000e+00
    outer loop
      vertex   2.029990e-01  6.537967e-03  0.000000e+00
      vertex   2.080627e-01  5.661213e-03  1.450000e+00
      vertex   2.080627e-01  5.661213e-03  0.000000e+00
    endloop
  endfacet
  facet normal  1.706066e-01  9.853392e-01 -0.000000e+00
    outer loop
      vertex   2.029990e-01  6.537967e-03  0.000000e+00
      vertex   2.029990e-01  6.537967e-03  1.450000e+00
      vertex   2.080627e-01  5.661213e-03  1.450000e+00
    endloop
  endfacet
  facet normal  6.752985e-02 -9.977173e-01  0.000000e+00
    outer loop
      vertex   2.076385e-01 -2.281026e-03  0.000000e+00
      vertex   2.025314e-01 -2.626697e-03  1.450000e+00
      vertex   2.025314e-01 -2.626697e-03  0.000000e+00
    endloop
  endfacet
  facet normal  6.752985e-02 -9.977173e-01  0.000000e+00
    outer loop
      vertex   2.076385e-01 -2.281026e-03  0.000000e+00
      vertex   2.076385e-01 -2.281026e-03  1.450000e+00
      vertex   2.025314e-01 -2.626697e-03  1.450000e+00
    endloop
  endfacet
  facet normal  6.807052e-02 -9.976805e-01  0.000000e+00
    outer loop
      vertex   2.123782e-01 -1.957642e-03  0.000000e+00
      vertex   2.076385e-01 -2.281026e-03  1.450000e+00
      vertex   2.076385e-01 -2.281026e-03  0.000000e+00
    endloop
  endfacet
  facet normal  6.807052e-02 -9.976805e-01  0.000000e+00
    outer loop
      vertex   2.123782e-01 -1.957642e-03  0.000000e+00
      vertex   2.123782e-01 -1.957642e-03  1.450000e+00
      vertex   2.076385e-01 -2.281026e-03  1.450000e+00
    endloop
  endfacet
  facet normal  6.863569e-02 -9.976418e-01  0.000000e+00
    outer loop
      vertex   2.167303e-01 -1.658227e-03  0.000000e+00
      vertex   2.123782e-01 -1.957642e-03  1.450000e+00
      vertex   2.123782e-01 -1.957642e-03  0.000000e+00
    endloop
  endfacet
  facet normal  6.863569e-02 -9.976418e-01  0.000000e+00
    outer loop
      vertex   2.167303e-01 -1.658227e-03  0.000000e+00
      vertex   2.167303e-01 -1.658227e-03  1.450000e+00
      vertex   2.123782e-01 -1.957642e-03  1.450000e+00
    endloop
  endfacet
  facet normal  6.921670e-02 -9.976016e-01  0.000000e+00
    outer loop
      vertex   2.206762e-01 -1.384448e-03  0.000000e+00
      vertex   2.167303e-01 -1.658227e-03  1.450000e+00
      vertex   2.167303e-01 -1.658227e-03  0.000000e+00
    endloop
  endfacet
  facet normal  6.921670e-02 -9.976016e-01  0.000000e+00
    outer loop
      vertex   2.206762e-01 -1.384448e-03  0.000000e+00
      vertex   2.206762e-01 -1.384448e-03  1.450000e+00
      vertex   2.167303e-01 -1.658227e-03  1.450000e+00
    endloop
  endfacet
  facet normal  6.979958e-02 -9.975610e-01  0.000000e+00
    outer loop
      vertex   2.241990e-01 -1.137957e-03  0.000000e+00
      vertex   2.206762e-01 -1.384448e-03  1.450000e+00
      vertex   2.206762e-01 -1.384448e-03  0.000000e+00
    endloop
  endfacet
  facet normal  6.979958e-02 -9.975610e-01  0.000000e+00
    outer loop
      vertex   2.241990e-01 -1.137957e-03  0.000000e+00
      vertex   2.241990e-01 -1.137957e-03  1.450000e+00
      vertex   2.206762e-01 -1.384448e-03  1.450000e+00
    endloop
  endfacet
  facet normal  7.036442e-02 -9.975214e-01  0.000000e+00
    outer loop
      vertex   2.272837e-01 -9.203642e-04  0.000000e+00
      vertex   2.241990e-01 -1.137957e-03  1.450000e+00
      vertex   2.241990e-01 -1.137957e-03  0.000000e+00
    endloop
  endfacet
  facet normal  7.036442e-02 -9.975214e-01  0.000000e+00
    outer loop
      vertex   2.272837e-01 -9.203642e-04  0.000000e+00
      vertex   2.272837e-01 -9.203642e-04  1.450000e+00
      vertex   2.241990e-01 -1.137957e-03  1.450000e+00
    endloop
  endfacet
  facet normal  7.090222e-02 -9.974833e-01  0.000000e+00
    outer loop
      vertex   2.299167e-01 -7.332073e-04  0.000000e+00
      vertex   2.272837e-01 -9.203642e-04  1.450000e+00
      vertex   2.272837e-01 -9.203642e-04  0.000000e+00
    endloop
  endfacet
  facet normal  7.090222e-02 -9.974833e-01  0.000000e+00
    outer loop
      vertex   2.299167e-01 -7.332073e-04  0.000000e+00
      vertex   2.299167e-01 -7.332073e-04  1.450000e+00
      vertex   2.272837e-01 -9.203642e-04  1.450000e+00
    endloop
  endfacet
  facet normal  7.137983e-02 -9.974492e-01  0.000000e+00
    outer loop
      vertex   2.320869e-01 -5.779033e-04  0.000000e+00
      vertex   2.299167e-01 -7.332073e-04  1.450000e+00
      vertex   2.299167e-01 -7.332073e-04  0.000000e+00
    endloop
  endfacet
  facet normal  7.137983e-02 -9.974492e-01  0.000000e+00
    outer loop
      vertex   2.320869e-01 -5.779033e-04  0.000000e+00
      vertex   2.320869e-01 -5.779033e-04  1.450000e+00
      vertex   2.299167e-01 -7.332073e-04  1.450000e+00
    endloop
  endfacet
  facet normal  7.179487e-02 -9.974194e-01  0.000000e+00
    outer loop
      vertex   2.337846e-01 -4.557015e-04  0.000000e+00
      vertex   2.320869e-01 -5.779033e-04  1.450000e+00
      vertex   2.320869e-01 -5.779033e-04  0.000000e+00
    endloop
  endfacet
  facet normal  7.179487e-02 -9.974194e-01  0.000000e+00
    outer loop
      vertex   2.337846e-01 -4.557015e-04  0.000000e+00
      vertex   2.337846e-01 -4.557015e-04  1.450000e+00
      vertex   2.320869e-01 -5.779033e-04  1.450000e+00
    endloop
  endfacet
  facet normal  7.211588e-02 -9.973962e-01  0.000000e+00
    outer loop
      vertex   2.350026e-01 -3.676346e-04  0.000000e+00
      vertex   2.337846e-01 -4.557015e-04  1.450000e+00
      vertex   2.337846e-01 -4.557015e-04  0.000000e+00
    endloop
  endfacet
  facet normal  7.211588e-02 -9.973962e-01  0.000000e+00
    outer loop
      vertex   2.350026e-01 -3.676346e-04  0.000000e+00
      vertex   2.350026e-01 -3.676346e-04  1.450000e+00
      vertex   2.337846e-01 -4.557015e-04  1.450000e+00
    endloop
  endfacet
  facet normal  7.233425e-02 -9.973805e-01  0.000000e+00
    outer loop
      vertex   2.357356e-01 -3.144752e-04  0.000000e+00
      vertex   2.350026e-01 -3.676346e-04  1.450000e+00
      vertex   2.350026e-01 -3.676346e-04  0.000000e+00
    endloop
  endfacet
  facet normal  7.233425e-02 -9.973805e-01  0.000000e+00
    outer loop
      vertex   2.357356e-01 -3.144752e-04  0.000000e+00
      vertex   2.357356e-01 -3.144752e-04  1.450000e+00
      vertex   2.350026e-01 -3.676346e-04  1.450000e+00
    endloop
  endfacet
  facet normal  7.247302e-02 -9.973703e-01  0.000000e+00
    outer loop
      vertex   2.359802e-01 -2.967014e-04  0.000000e+00
      vertex   2.357356e-01 -3.144752e-04  1.450000e+00
      vertex   2.357356e-01 -3.144752e-04  0.000000e+00
    endloop
  endfacet
  facet normal  7.247302e-02 -9.973703e-01  0.000000e+00
    outer loop
      vertex   2.359802e-01 -2.967014e-04  0.000000e+00
      vertex   2.359802e-01 -2.967014e-04  1.450000e+00
      vertex   2.357356e-01 -3.144752e-04  1.450000e+00
    endloop
  endfacet
  facet normal  9.977799e-01 -6.659786e-02  0.000000e+00
    outer loop
      vertex   2.360198e-01  2.967014e-04  0.000000e+00
      vertex   2.359802e-01 -2.967014e-04  1.450000e+00
      vertex   2.359802e-01 -2.967014e-04  0.000000e+00
    endloop
  endfacet
  facet normal  9.977799e-01 -6.659786e-02  0.000000e+00
    outer loop
      vertex   2.360198e-01  2.967014e-04  0.000000e+00
      vertex   2.360198e-01  2.967014e-04  1.450000e+00
      vertex   2.359802e-01 -2.967014e-04  1.450000e+00
    endloop
  endfacet
endsolid vcg
